,order,quantity,product
0,5e75b8f4-e03e-462f-8a91-027bfaf3e8b4,3,c7050c3b-a898-424d-8d98-ab0aaad7bef4
1,c615ea16-2b87-471c-a40e-f1a1b81df308,2,e18f33a6-b89a-4fbc-82ad-ccba5bb261cc
2,1747e0c2-2649-4b8b-8048-540425302a8f,2,80eda933-749d-4fc6-91d5-613d29eb126f
3,44f19d9b-6f8d-4c04-8c1e-ee05a171a48a,4,689fb64e-a4a2-45c5-b9f2-480c2155624d
4,906ac891-d7a7-4d50-b4c6-c982fae2fc2d,4,e18f33a6-b89a-4fbc-82ad-ccba5bb261cc
5,885ebd5d-6a82-4802-a241-2e52e223df5a,2,64d39754-03e4-4fa0-b1ea-5f4293315f67
6,05202733-0e17-4726-97c2-0520c024ab85,4,689fb64e-a4a2-45c5-b9f2-480c2155624d
7,97c51e08-8026-44cb-af4b-15f8011e4931,4,bb19d194-e1bd-4358-819e-cd1f1b401c0c
8,44f19d9b-6f8d-4c04-8c1e-ee05a171a48a,2,b66a7143-c18a-43bb-b5dc-06bb5d1d3160
9,55288bb6-9a28-483f-a005-ceef70079c72,1,615695d3-8ffd-4850-bcf7-944cf6d3685b
10,6abeb560-cfb9-4726-8d7d-612f3cd3763e,3,4cda01b9-62e2-46c5-830f-b7f262a58fb1
11,22767af6-bb3e-4d35-b11c-05c12aa38138,4,4cda01b9-62e2-46c5-830f-b7f262a58fb1
12,e42ba9a9-986a-4f00-8dd2-5cf8462c74ea,2,843b6553-dc6a-4fc4-bceb-02cd39af0168
13,906ac891-d7a7-4d50-b4c6-c982fae2fc2d,4,5ceddd13-cf00-481f-9285-8340ab95d06d
14,4187e4d5-0629-4725-8ff5-1e88bf584dc2,3,37e0062f-bd15-4c3e-b272-558a86d90598
15,fafde59f-fc4a-4d5f-865e-ff13c8ab6d06,4,e8b6528e-a830-4d03-a027-473b411c7f02
16,3321aeb4-f209-48bf-ba63-84f3a14eaa50,4,689fb64e-a4a2-45c5-b9f2-480c2155624d
17,c49ed1e6-c56b-4681-bef8-cf8d99404832,4,843b6553-dc6a-4fc4-bceb-02cd39af0168
18,224b19e0-eaef-4749-8ca7-72e9d99e07e8,2,e706ab70-b396-4d30-a6b2-a1ccf3625b52
19,e2510e94-b61f-4d8f-bf5f-7c13f609f272,3,6f3a3072-a24d-4d11-9cef-25b0b5f8a4af
20,0db4263a-5b43-488c-b9d8-9592c9f4d549,4,37e0062f-bd15-4c3e-b272-558a86d90598
21,0b43de27-5e08-4c20-a21d-44e786835265,3,c7050c3b-a898-424d-8d98-ab0aaad7bef4
22,e2c5c29c-2e3c-4e56-9db0-98f13c20b59d,2,55c6a062-5f4a-4a8b-a8e5-05ea5e6715a3
23,497e5ef8-5bf6-424c-9d05-f5a467c2d23a,1,b66a7143-c18a-43bb-b5dc-06bb5d1d3160
24,871d9861-ea19-47a1-950d-c3198128acef,1,b86ae24b-6f59-47e8-8adc-b17d88cbd367
25,191f7ddb-6fac-4ced-905c-307b6b8a1f29,3,689fb64e-a4a2-45c5-b9f2-480c2155624d
26,6b2a45d9-fe4f-4b4d-896d-54c08a71a80f,2,fb0e8be7-5ac4-4a76-a1fa-2cc4bf0b2d80
27,175d8fb5-2c45-45b5-9fe3-7b3987d05b2d,1,fb0e8be7-5ac4-4a76-a1fa-2cc4bf0b2d80
28,3ca15482-7645-4af2-bb53-7a853432a492,4,a88a23ef-679c-4743-b151-dc7722040d8c
29,da8cbe31-46f8-4b5c-806a-11ba9c40df9a,2,e18f33a6-b89a-4fbc-82ad-ccba5bb261cc
30,44f19d9b-6f8d-4c04-8c1e-ee05a171a48a,4,fb0e8be7-5ac4-4a76-a1fa-2cc4bf0b2d80
31,8329a65b-7ddf-4250-aeee-bd625f8a401a,4,fb0e8be7-5ac4-4a76-a1fa-2cc4bf0b2d80
32,e2b27601-37f6-413d-9377-ed9a3a8a5ac8,1,5b50b820-1d0a-4231-9422-75e7f6b0cecf
33,727e8c88-6cf8-497a-ae3c-3a781c5b70c3,4,5ceddd13-cf00-481f-9285-8340ab95d06d
34,8899a38e-2c99-46ea-adb4-526c3a1fac38,2,e2e78dfc-f25c-4fec-a002-8e280d61a2f2
35,3fb5a1fd-bf02-4ca0-bb26-4ff4c4a4af74,4,6f3a3072-a24d-4d11-9cef-25b0b5f8a4af
36,f684e5fd-154c-4b52-9b35-1ccc7e74190f,4,55c6a062-5f4a-4a8b-a8e5-05ea5e6715a3
37,19f1c3c5-3840-4d33-8d88-30fad93fa25e,1,55c6a062-5f4a-4a8b-a8e5-05ea5e6715a3
38,ac999da3-2fbb-40e8-94cc-30d61d765b07,1,bb19d194-e1bd-4358-819e-cd1f1b401c0c
39,a484481e-ee94-486a-ab20-50c70f8c6674,3,d3e228db-8ca5-42ad-bb0a-2148e876cc59
40,7023672d-7f59-4b86-be86-4d4621ad06ae,4,4cda01b9-62e2-46c5-830f-b7f262a58fb1
41,0669a520-9c7e-424d-a279-ee96f6f25aec,3,843b6553-dc6a-4fc4-bceb-02cd39af0168
42,f684e5fd-154c-4b52-9b35-1ccc7e74190f,4,58b575f2-2192-4a53-9d21-df9a0c14fc25
43,8899a38e-2c99-46ea-adb4-526c3a1fac38,1,c17e63f7-0d28-4a95-8248-b01ea354840e
44,4a67cffa-e7bc-4d30-bc97-f2c9a71334d1,2,bb19d194-e1bd-4358-819e-cd1f1b401c0c
45,29d20dcd-d0c4-4bca-a52d-fc9363b5d7c6,3,e5ee99b6-519f-4218-8b41-62f48f59f700
46,f6eed630-9b01-4f64-81eb-f13be001f2b6,3,74aeb414-e3dd-4e8a-beef-0fa45225214d
47,63505de8-b2e8-4588-8f0d-b1121bfb75f8,3,bb19d194-e1bd-4358-819e-cd1f1b401c0c
48,2795df92-ee7d-4992-bab2-15dbb2b2ab36,4,64d39754-03e4-4fa0-b1ea-5f4293315f67
49,80768346-2426-4f4a-a8ba-4f7768139f94,4,e2e78dfc-f25c-4fec-a002-8e280d61a2f2
50,3fb5a1fd-bf02-4ca0-bb26-4ff4c4a4af74,2,74aeb414-e3dd-4e8a-beef-0fa45225214d
51,db90b250-70b2-44d1-b20c-4d795edd020c,4,bb19d194-e1bd-4358-819e-cd1f1b401c0c
52,92d3887f-6f9e-4e3f-85a8-3da52d46cd45,4,05df0866-1a66-41d8-9ed7-e2bbcddd6a3d
53,4d84f125-234d-4f3c-a54d-41172b453510,3,64d39754-03e4-4fa0-b1ea-5f4293315f67
54,a3bc2320-2520-43fc-8a33-7d126e06e324,1,689fb64e-a4a2-45c5-b9f2-480c2155624d
55,53aa67bb-9718-44bf-8b08-dc5e853a7166,1,689fb64e-a4a2-45c5-b9f2-480c2155624d
56,4fe7882d-a063-4afc-95c5-a80430305a22,1,e706ab70-b396-4d30-a6b2-a1ccf3625b52
57,2bfad5b6-b4ad-47e2-a316-8b7dc7fbc246,3,843b6553-dc6a-4fc4-bceb-02cd39af0168
58,1eb77dda-3387-4242-ba28-0b371ea785cf,3,80eda933-749d-4fc6-91d5-613d29eb126f
59,cc2bd924-fb17-408c-93b5-cc01cf8e9ef0,4,74aeb414-e3dd-4e8a-beef-0fa45225214d
60,40f5d51c-0a3c-481a-96e8-0784818e082d,1,d3e228db-8ca5-42ad-bb0a-2148e876cc59
61,8899a38e-2c99-46ea-adb4-526c3a1fac38,3,bb19d194-e1bd-4358-819e-cd1f1b401c0c
62,f684e5fd-154c-4b52-9b35-1ccc7e74190f,2,80eda933-749d-4fc6-91d5-613d29eb126f
63,b3bbc1b2-11bf-4a7f-8424-8c6fb14d753b,3,689fb64e-a4a2-45c5-b9f2-480c2155624d
64,23a3e7b2-abb0-4642-9291-4af619ae2d3c,4,579f4cd0-1f45-49d2-af55-9ab2b72c3b35
65,71eb1669-8706-4ef4-8a4c-0def78871dc4,3,37e0062f-bd15-4c3e-b272-558a86d90598
66,8502b2de-ada6-4a20-8625-092835744bd8,2,e5ee99b6-519f-4218-8b41-62f48f59f700
67,eb047506-bf59-4d29-b134-6a9d80235f3f,1,e706ab70-b396-4d30-a6b2-a1ccf3625b52
68,ec9be902-7557-431c-824d-5c157c191697,1,be49171b-9f72-4fc9-bf7a-9a52e259836b
69,912c0b79-532d-4710-bf23-0f9e227b5864,3,6f3a3072-a24d-4d11-9cef-25b0b5f8a4af
70,e9891ca7-3306-4f75-93fd-c04b976f9641,1,5b50b820-1d0a-4231-9422-75e7f6b0cecf
71,c36d3573-1c28-4240-8c17-c874a80cca6c,1,579f4cd0-1f45-49d2-af55-9ab2b72c3b35
72,459c78e2-335c-47c9-9c9e-cf4d11a3e1fe,1,be49171b-9f72-4fc9-bf7a-9a52e259836b
73,0ac61965-6392-4fe3-bb4f-292438c37de0,3,e18f33a6-b89a-4fbc-82ad-ccba5bb261cc
74,ef4b32fb-3859-441a-a4cc-1ca197f78aeb,2,5b50b820-1d0a-4231-9422-75e7f6b0cecf
75,f61a095b-7537-4869-aeff-1433277fa898,1,843b6553-dc6a-4fc4-bceb-02cd39af0168
76,431ed9a0-8475-4928-a7b2-81db3f1a2dea,2,e2e78dfc-f25c-4fec-a002-8e280d61a2f2
77,92d3887f-6f9e-4e3f-85a8-3da52d46cd45,1,64d39754-03e4-4fa0-b1ea-5f4293315f67
78,74bae4ca-0322-4e54-ac94-ba84bc63657e,1,35550082-a52d-4301-8f06-05b30f6f3616
79,1fa7bc74-ee64-4aa8-8df3-f8066532eb9c,1,b86ae24b-6f59-47e8-8adc-b17d88cbd367
80,88971e55-2d81-493c-bd7f-2e1efc4c0153,2,b66a7143-c18a-43bb-b5dc-06bb5d1d3160
81,f5e96989-b540-486f-bb13-1f4297c194bd,4,fb0e8be7-5ac4-4a76-a1fa-2cc4bf0b2d80
82,3dd8be7e-c2c0-4141-953f-1ce79cff87b8,3,37e0062f-bd15-4c3e-b272-558a86d90598
83,5f994f7e-2e13-4720-99ed-cfbdcdfd6e2a,3,35550082-a52d-4301-8f06-05b30f6f3616
84,f1236409-b5f6-4e40-961c-797b850e225b,1,4cda01b9-62e2-46c5-830f-b7f262a58fb1
85,47254e22-09a8-4661-b2db-1a7e8d80b746,3,b66a7143-c18a-43bb-b5dc-06bb5d1d3160
86,d29fbe48-4cb7-46ef-b3ea-67a28a0cd8c0,2,b86ae24b-6f59-47e8-8adc-b17d88cbd367
87,03232fbc-033a-4ba9-b0d7-195b987682ef,4,e8b6528e-a830-4d03-a027-473b411c7f02
88,7023672d-7f59-4b86-be86-4d4621ad06ae,4,35550082-a52d-4301-8f06-05b30f6f3616
89,3af487e1-401f-4269-a6a8-afd4d88c780c,1,e2e78dfc-f25c-4fec-a002-8e280d61a2f2
90,973443f0-e2ff-472c-8469-f452d0beeeda,4,64d39754-03e4-4fa0-b1ea-5f4293315f67
91,d7454480-4fa0-416d-b904-aebdbcdd378c,2,6f3a3072-a24d-4d11-9cef-25b0b5f8a4af
92,40f5d51c-0a3c-481a-96e8-0784818e082d,1,e18f33a6-b89a-4fbc-82ad-ccba5bb261cc
93,d99f88df-891d-4dc9-8750-aa77271a72d4,2,e5ee99b6-519f-4218-8b41-62f48f59f700
94,df91aa85-bfc7-4c31-93ef-4cee8d00a343,4,5b50b820-1d0a-4231-9422-75e7f6b0cecf
95,e85b50e8-357e-45ff-8b8d-1890b9b7d0f0,4,74aeb414-e3dd-4e8a-beef-0fa45225214d
96,12d71a1a-3762-4e17-a508-6e11b5629852,3,bb19d194-e1bd-4358-819e-cd1f1b401c0c
97,58d89e41-48a4-49a5-944e-28b4e349288d,2,e8b6528e-a830-4d03-a027-473b411c7f02
98,29feab11-0894-43f4-bb2b-502453a49f23,3,a88a23ef-679c-4743-b151-dc7722040d8c
99,2ebd594f-3b44-4b66-87f0-5b2c321086d1,2,5b50b820-1d0a-4231-9422-75e7f6b0cecf
100,b6d916e6-da31-4145-9edd-8fc76677b55b,2,c17e63f7-0d28-4a95-8248-b01ea354840e
101,f6eed630-9b01-4f64-81eb-f13be001f2b6,4,fb0e8be7-5ac4-4a76-a1fa-2cc4bf0b2d80
102,34d36019-85bf-4260-9b15-1ed4d4ae3ada,4,be49171b-9f72-4fc9-bf7a-9a52e259836b
103,8329a65b-7ddf-4250-aeee-bd625f8a401a,2,74aeb414-e3dd-4e8a-beef-0fa45225214d
104,f1236409-b5f6-4e40-961c-797b850e225b,3,37e0062f-bd15-4c3e-b272-558a86d90598
105,2e40bfc1-f035-4617-a12b-da047e4578c3,2,c17e63f7-0d28-4a95-8248-b01ea354840e
106,f6b6807a-864d-4fed-b22d-3f2638f21b74,2,74aeb414-e3dd-4e8a-beef-0fa45225214d
107,63505de8-b2e8-4588-8f0d-b1121bfb75f8,3,c7050c3b-a898-424d-8d98-ab0aaad7bef4
108,3944bd76-a630-4f50-9f41-b4e985b520ca,1,37e0062f-bd15-4c3e-b272-558a86d90598
109,5b3044cb-20cd-4a2c-9226-c3d24d488557,4,e706ab70-b396-4d30-a6b2-a1ccf3625b52
110,38c516e8-b23a-493a-8a5c-bf7b2b9ea995,1,a88a23ef-679c-4743-b151-dc7722040d8c
111,e60286de-ae1c-4427-8b3c-3f019e93ac7a,4,35550082-a52d-4301-8f06-05b30f6f3616
112,e2510e94-b61f-4d8f-bf5f-7c13f609f272,4,80eda933-749d-4fc6-91d5-613d29eb126f
113,aab22458-eebe-4f90-b563-d1eda139e78d,1,58b575f2-2192-4a53-9d21-df9a0c14fc25
114,5b8caca4-14fb-4813-b0bc-b768c8217a19,3,615695d3-8ffd-4850-bcf7-944cf6d3685b
115,fe1144d9-15c7-4d10-a533-fee0c06b0bcb,4,6f3a3072-a24d-4d11-9cef-25b0b5f8a4af
116,1e5fa971-3c0e-4ae8-b5bb-63d6176b82b2,2,b86ae24b-6f59-47e8-8adc-b17d88cbd367
117,74bae4ca-0322-4e54-ac94-ba84bc63657e,4,e706ab70-b396-4d30-a6b2-a1ccf3625b52
118,a5db4fd7-bc7c-47d6-a162-e613d905ec82,4,37e0062f-bd15-4c3e-b272-558a86d90598
119,a11ec73d-efcb-4918-be37-fa6f812d22de,3,e18f33a6-b89a-4fbc-82ad-ccba5bb261cc
120,74bae4ca-0322-4e54-ac94-ba84bc63657e,3,e8b6528e-a830-4d03-a027-473b411c7f02
121,0976f5e0-829b-4111-9ae8-3c444a1b26eb,2,be49171b-9f72-4fc9-bf7a-9a52e259836b
122,a11ec73d-efcb-4918-be37-fa6f812d22de,3,579f4cd0-1f45-49d2-af55-9ab2b72c3b35
123,08f64f64-8cd5-491a-a5a9-80ffd3321fc9,3,bb19d194-e1bd-4358-819e-cd1f1b401c0c
124,4a67cffa-e7bc-4d30-bc97-f2c9a71334d1,1,64d39754-03e4-4fa0-b1ea-5f4293315f67
125,0ecabdf2-fe92-4d66-ad87-6e693748d682,3,c7050c3b-a898-424d-8d98-ab0aaad7bef4
126,ac999da3-2fbb-40e8-94cc-30d61d765b07,4,e706ab70-b396-4d30-a6b2-a1ccf3625b52
127,2affb750-b1d9-4b84-b612-8381435bc669,4,55c6a062-5f4a-4a8b-a8e5-05ea5e6715a3
128,6b2a45d9-fe4f-4b4d-896d-54c08a71a80f,2,843b6553-dc6a-4fc4-bceb-02cd39af0168
129,c57a3e41-2e01-4529-a904-054657859dd7,2,80eda933-749d-4fc6-91d5-613d29eb126f
130,cad92df1-0b1a-4827-a1fc-f20cece591dd,2,5ceddd13-cf00-481f-9285-8340ab95d06d
131,5b8caca4-14fb-4813-b0bc-b768c8217a19,3,5b50b820-1d0a-4231-9422-75e7f6b0cecf
132,d9cc0f2f-0be3-4cfc-bec0-fd97eb7977d6,4,615695d3-8ffd-4850-bcf7-944cf6d3685b
133,bb219a8e-f747-4cc5-ac19-9f505baed9ff,3,e706ab70-b396-4d30-a6b2-a1ccf3625b52
134,e86dab74-f840-482c-b833-0e60b4e58a27,1,5ceddd13-cf00-481f-9285-8340ab95d06d
135,c98cb399-9f31-47e9-8394-80b6962cbdae,2,80eda933-749d-4fc6-91d5-613d29eb126f
136,2fafb5c6-5200-4d9a-af6b-b6517667a1ea,2,bb19d194-e1bd-4358-819e-cd1f1b401c0c
137,c615ea16-2b87-471c-a40e-f1a1b81df308,1,843b6553-dc6a-4fc4-bceb-02cd39af0168
138,81617893-be66-4c1e-b73e-a71ece089732,4,c7050c3b-a898-424d-8d98-ab0aaad7bef4
139,56d043f8-afaf-4a6e-a4d3-8fbd01d8858b,2,be49171b-9f72-4fc9-bf7a-9a52e259836b
140,12a416f6-08d4-4db5-953e-d683ca9081f6,3,b66a7143-c18a-43bb-b5dc-06bb5d1d3160
141,2fafb5c6-5200-4d9a-af6b-b6517667a1ea,1,74aeb414-e3dd-4e8a-beef-0fa45225214d
142,0f7d97e4-6093-489d-b338-e98397482ff3,4,55c6a062-5f4a-4a8b-a8e5-05ea5e6715a3
143,fa41614e-38dc-4cfb-ade8-4ffb9d1fed72,2,58b575f2-2192-4a53-9d21-df9a0c14fc25
144,bd1b29ee-5f35-4a9f-94a5-9faaae412e12,4,80eda933-749d-4fc6-91d5-613d29eb126f
145,1829f967-79c8-4998-ba9f-9d381728cedd,3,e706ab70-b396-4d30-a6b2-a1ccf3625b52
146,671aa103-6918-4d9a-89f6-3bd3861f4a9b,3,bb19d194-e1bd-4358-819e-cd1f1b401c0c
147,35b4cbc7-b92f-400f-b292-8494dbb23567,1,bb19d194-e1bd-4358-819e-cd1f1b401c0c
148,bbb8264e-cb71-4967-8033-60d7a52ad2fc,2,5ceddd13-cf00-481f-9285-8340ab95d06d
149,0976f5e0-829b-4111-9ae8-3c444a1b26eb,1,689fb64e-a4a2-45c5-b9f2-480c2155624d
150,912c0b79-532d-4710-bf23-0f9e227b5864,2,c7050c3b-a898-424d-8d98-ab0aaad7bef4
151,b047e850-a4f1-4227-94b6-2222d2ff87c2,1,58b575f2-2192-4a53-9d21-df9a0c14fc25
152,9e4f5468-05ff-4dd3-af20-fcd8c4730ab5,1,5b50b820-1d0a-4231-9422-75e7f6b0cecf
153,40f5d51c-0a3c-481a-96e8-0784818e082d,2,b86ae24b-6f59-47e8-8adc-b17d88cbd367
154,da8cbe31-46f8-4b5c-806a-11ba9c40df9a,3,579f4cd0-1f45-49d2-af55-9ab2b72c3b35
155,b249a133-9d0d-4897-9ee3-0226e76914dc,4,c7050c3b-a898-424d-8d98-ab0aaad7bef4
156,8385cfcd-2b3f-443a-a676-9756f7eb5404,2,58b575f2-2192-4a53-9d21-df9a0c14fc25
157,86302f5c-4879-4056-8c99-b3721e83829d,1,55c6a062-5f4a-4a8b-a8e5-05ea5e6715a3
158,73bfa842-99f9-4181-883f-08b7795cb167,3,be49171b-9f72-4fc9-bf7a-9a52e259836b
159,b047e850-a4f1-4227-94b6-2222d2ff87c2,3,579f4cd0-1f45-49d2-af55-9ab2b72c3b35
160,e4926154-3efe-4c30-860a-5cbb7f97490b,2,74aeb414-e3dd-4e8a-beef-0fa45225214d
161,867b34a7-c143-45ec-81db-705506a9578b,2,a88a23ef-679c-4743-b151-dc7722040d8c
162,e60286de-ae1c-4427-8b3c-3f019e93ac7a,2,5b50b820-1d0a-4231-9422-75e7f6b0cecf
163,7f999c60-f004-4b75-8851-72498dfa47fc,2,e18f33a6-b89a-4fbc-82ad-ccba5bb261cc
164,e77a9f5e-a3d7-4eed-ba0b-50893cb38f00,4,74aeb414-e3dd-4e8a-beef-0fa45225214d
165,fd804ab1-fa33-49b5-97a4-5c29d28a5101,4,64d39754-03e4-4fa0-b1ea-5f4293315f67
166,09431ff6-b550-4301-8d46-fde372e87af9,3,843b6553-dc6a-4fc4-bceb-02cd39af0168
167,7023672d-7f59-4b86-be86-4d4621ad06ae,4,b66a7143-c18a-43bb-b5dc-06bb5d1d3160
168,778f8864-d993-4118-b7d6-1ea836ec6791,3,55c6a062-5f4a-4a8b-a8e5-05ea5e6715a3
169,fa41614e-38dc-4cfb-ade8-4ffb9d1fed72,2,05df0866-1a66-41d8-9ed7-e2bbcddd6a3d
170,a132ed5c-7140-41f5-8eb1-992b7aeae11b,4,5b50b820-1d0a-4231-9422-75e7f6b0cecf
171,5dbde056-632e-484a-a30b-67665cec51ee,1,e5ee99b6-519f-4218-8b41-62f48f59f700
172,e2b27601-37f6-413d-9377-ed9a3a8a5ac8,1,c17e63f7-0d28-4a95-8248-b01ea354840e
173,4fe7882d-a063-4afc-95c5-a80430305a22,3,c7050c3b-a898-424d-8d98-ab0aaad7bef4
174,35b4cbc7-b92f-400f-b292-8494dbb23567,1,fb0e8be7-5ac4-4a76-a1fa-2cc4bf0b2d80
175,dc3c0681-9e42-4041-a2eb-576324037da3,1,be49171b-9f72-4fc9-bf7a-9a52e259836b
176,e2281b91-8575-4da9-9a3a-ab0f19ec584e,2,615695d3-8ffd-4850-bcf7-944cf6d3685b
177,7023672d-7f59-4b86-be86-4d4621ad06ae,1,689fb64e-a4a2-45c5-b9f2-480c2155624d
178,82e2a7d2-d8c2-4b37-9f18-bba82f31c5b2,2,5b50b820-1d0a-4231-9422-75e7f6b0cecf
179,349b5ed3-cac3-401f-aef3-290bc0b8d5d7,1,b66a7143-c18a-43bb-b5dc-06bb5d1d3160
180,a484481e-ee94-486a-ab20-50c70f8c6674,2,689fb64e-a4a2-45c5-b9f2-480c2155624d
181,bd760d86-5051-4418-86cc-d97e4deac8af,4,05df0866-1a66-41d8-9ed7-e2bbcddd6a3d
182,45319e78-6d23-4728-a135-75dbda6bde49,1,e5ee99b6-519f-4218-8b41-62f48f59f700
183,a96878e4-9618-4f85-8fe0-6e2e938e0b24,2,bb19d194-e1bd-4358-819e-cd1f1b401c0c
184,3dd8be7e-c2c0-4141-953f-1ce79cff87b8,2,80eda933-749d-4fc6-91d5-613d29eb126f
185,cec02b6d-c997-4cad-8ab8-141c7a30aaf0,4,fb0e8be7-5ac4-4a76-a1fa-2cc4bf0b2d80
186,859841a2-a2fa-4d7b-a749-8cd37b31b1ed,4,37e0062f-bd15-4c3e-b272-558a86d90598
187,cb9cd4d2-3bce-4173-8303-62e581e91ac7,4,05df0866-1a66-41d8-9ed7-e2bbcddd6a3d
188,0b0d8f13-ca94-4686-b3d3-68ae3aa4bad3,4,843b6553-dc6a-4fc4-bceb-02cd39af0168
189,e3965ae6-8792-422f-bae0-ecbce4da50aa,1,615695d3-8ffd-4850-bcf7-944cf6d3685b
190,667f2f4e-4262-425d-bf66-9b600af692a6,2,64d39754-03e4-4fa0-b1ea-5f4293315f67
191,6f89159f-8046-4bae-a680-34ca13c9d4fa,3,fb0e8be7-5ac4-4a76-a1fa-2cc4bf0b2d80
192,937b130d-c75f-47c6-913f-ca7717e82dae,2,05df0866-1a66-41d8-9ed7-e2bbcddd6a3d
193,19644506-d739-4f1b-baf7-3ecc8833c329,2,e2e78dfc-f25c-4fec-a002-8e280d61a2f2
194,55164b42-78d3-4c4e-9dd3-cce61b956403,3,615695d3-8ffd-4850-bcf7-944cf6d3685b
195,b15964ec-1e59-4258-9ecb-bcaac33cd071,4,be49171b-9f72-4fc9-bf7a-9a52e259836b
196,ffd7d39a-e3b5-43dc-97b7-f6f5443ae314,3,4cda01b9-62e2-46c5-830f-b7f262a58fb1
197,8298fb27-518c-4b2c-9fd8-391737ceb777,2,55c6a062-5f4a-4a8b-a8e5-05ea5e6715a3
198,fe1144d9-15c7-4d10-a533-fee0c06b0bcb,1,c17e63f7-0d28-4a95-8248-b01ea354840e
199,99127f5a-b3a4-440e-87c1-c78861ac2ca8,2,bb19d194-e1bd-4358-819e-cd1f1b401c0c
200,180dc7bb-b42a-4aa6-b52a-9fe5864e3190,2,b66a7143-c18a-43bb-b5dc-06bb5d1d3160
201,f5df9a3a-9a21-4648-a03f-bdaf633969e4,4,74aeb414-e3dd-4e8a-beef-0fa45225214d
202,5dbde056-632e-484a-a30b-67665cec51ee,4,e2e78dfc-f25c-4fec-a002-8e280d61a2f2
203,973443f0-e2ff-472c-8469-f452d0beeeda,3,b66a7143-c18a-43bb-b5dc-06bb5d1d3160
204,3ca15482-7645-4af2-bb53-7a853432a492,4,64d39754-03e4-4fa0-b1ea-5f4293315f67
205,333db7e3-aba5-4988-b61f-ced40037b5c8,1,e706ab70-b396-4d30-a6b2-a1ccf3625b52
206,10408b83-26cc-4eb8-bd08-38435207099e,4,55c6a062-5f4a-4a8b-a8e5-05ea5e6715a3
207,81617893-be66-4c1e-b73e-a71ece089732,2,64d39754-03e4-4fa0-b1ea-5f4293315f67
208,45319e78-6d23-4728-a135-75dbda6bde49,1,b86ae24b-6f59-47e8-8adc-b17d88cbd367
209,b4eec587-6bca-4b2a-b3d3-ef2db72c4a4f,2,e2e78dfc-f25c-4fec-a002-8e280d61a2f2
210,c0873253-7827-4831-aa92-19c38372e58d,3,35550082-a52d-4301-8f06-05b30f6f3616
211,3944bd76-a630-4f50-9f41-b4e985b520ca,2,e2e78dfc-f25c-4fec-a002-8e280d61a2f2
212,e42ba9a9-986a-4f00-8dd2-5cf8462c74ea,4,5b50b820-1d0a-4231-9422-75e7f6b0cecf
213,e03c0b27-dcb0-4b48-a36e-1c5f013d11d9,4,d3e228db-8ca5-42ad-bb0a-2148e876cc59
214,c8ec734f-2f92-4d17-80bf-71de0afd713d,3,55c6a062-5f4a-4a8b-a8e5-05ea5e6715a3
215,ec9be902-7557-431c-824d-5c157c191697,4,e8b6528e-a830-4d03-a027-473b411c7f02
216,d1f27bac-ff50-489e-a5e0-12fd99fcf3e8,3,e2e78dfc-f25c-4fec-a002-8e280d61a2f2
217,a484481e-ee94-486a-ab20-50c70f8c6674,1,579f4cd0-1f45-49d2-af55-9ab2b72c3b35
218,5dbde056-632e-484a-a30b-67665cec51ee,3,80eda933-749d-4fc6-91d5-613d29eb126f
219,92d3887f-6f9e-4e3f-85a8-3da52d46cd45,3,5b50b820-1d0a-4231-9422-75e7f6b0cecf
220,c57a3e41-2e01-4529-a904-054657859dd7,4,d3e228db-8ca5-42ad-bb0a-2148e876cc59
221,34d36019-85bf-4260-9b15-1ed4d4ae3ada,3,d3e228db-8ca5-42ad-bb0a-2148e876cc59
222,d13a5859-35dd-4e23-9601-6bfef26a0ded,1,689fb64e-a4a2-45c5-b9f2-480c2155624d
223,b7e548f6-8f59-4552-8577-e0b895c858b4,1,a88a23ef-679c-4743-b151-dc7722040d8c
224,dcf4ab8d-ee51-4dd4-953d-557d413100fa,2,b66a7143-c18a-43bb-b5dc-06bb5d1d3160
225,b245fe74-2070-4203-848c-85d4b59f8eef,4,615695d3-8ffd-4850-bcf7-944cf6d3685b
226,b6f9c559-8c79-409f-963f-2499e5ad315e,1,5b50b820-1d0a-4231-9422-75e7f6b0cecf
227,f4b472f8-f344-4abe-a7dd-5b3cc983301b,3,64d39754-03e4-4fa0-b1ea-5f4293315f67
228,1e68f64e-1365-489e-8cf4-b56f8cf13fd7,2,c7050c3b-a898-424d-8d98-ab0aaad7bef4
229,cc2d40a9-dc85-481f-b027-9d1198187b70,3,b66a7143-c18a-43bb-b5dc-06bb5d1d3160
230,58d89e41-48a4-49a5-944e-28b4e349288d,1,80eda933-749d-4fc6-91d5-613d29eb126f
231,f6881473-8927-4504-8ba0-3acecf098b5c,2,37e0062f-bd15-4c3e-b272-558a86d90598
232,3c6072c0-399c-4250-86f4-86024e4a18c5,3,37e0062f-bd15-4c3e-b272-558a86d90598
233,ae526f89-1faf-4ae8-90b2-06b996b51b31,4,b66a7143-c18a-43bb-b5dc-06bb5d1d3160
234,7023672d-7f59-4b86-be86-4d4621ad06ae,1,bb19d194-e1bd-4358-819e-cd1f1b401c0c
235,44f19d9b-6f8d-4c04-8c1e-ee05a171a48a,1,c17e63f7-0d28-4a95-8248-b01ea354840e
236,89e6f87a-1347-4670-9cb6-8873c4ae0bca,4,a88a23ef-679c-4743-b151-dc7722040d8c
237,af1c67f7-bbde-4f2f-99d0-2e19242141c2,2,e5ee99b6-519f-4218-8b41-62f48f59f700
238,3895ef3d-4e4f-4793-ba7f-66743b7a7d39,1,c17e63f7-0d28-4a95-8248-b01ea354840e
239,4187e4d5-0629-4725-8ff5-1e88bf584dc2,2,e706ab70-b396-4d30-a6b2-a1ccf3625b52
240,ec9be902-7557-431c-824d-5c157c191697,1,fb0e8be7-5ac4-4a76-a1fa-2cc4bf0b2d80
241,f61a095b-7537-4869-aeff-1433277fa898,4,a88a23ef-679c-4743-b151-dc7722040d8c
242,6280af33-1ec6-4e8b-bc9e-6ed331ccb5da,4,d3e228db-8ca5-42ad-bb0a-2148e876cc59
243,d0cc9fd6-0ce6-42a4-a77e-fabb1b0962da,3,6f3a3072-a24d-4d11-9cef-25b0b5f8a4af
244,76198fb9-1fa6-4fe6-9053-1cbad61c4730,3,fb0e8be7-5ac4-4a76-a1fa-2cc4bf0b2d80
245,fd804ab1-fa33-49b5-97a4-5c29d28a5101,3,579f4cd0-1f45-49d2-af55-9ab2b72c3b35
246,c49ed1e6-c56b-4681-bef8-cf8d99404832,1,80eda933-749d-4fc6-91d5-613d29eb126f
247,5a00119e-674a-4f04-8b87-d8d48129a771,1,e18f33a6-b89a-4fbc-82ad-ccba5bb261cc
248,09431ff6-b550-4301-8d46-fde372e87af9,4,e18f33a6-b89a-4fbc-82ad-ccba5bb261cc
249,09fc1bc7-215a-4987-96a1-9e3e079a3707,3,b66a7143-c18a-43bb-b5dc-06bb5d1d3160
250,3772cac5-2ea2-4278-9166-f0703935a671,1,80eda933-749d-4fc6-91d5-613d29eb126f
251,8502b2de-ada6-4a20-8625-092835744bd8,2,b66a7143-c18a-43bb-b5dc-06bb5d1d3160
252,fafde59f-fc4a-4d5f-865e-ff13c8ab6d06,4,b66a7143-c18a-43bb-b5dc-06bb5d1d3160
253,0a5be7a1-f4b1-4833-b4fa-72a9276c63bf,4,74aeb414-e3dd-4e8a-beef-0fa45225214d
254,9da202ba-64b2-4c8c-bab7-7cfc56a3410c,1,b66a7143-c18a-43bb-b5dc-06bb5d1d3160
255,3772cac5-2ea2-4278-9166-f0703935a671,2,64d39754-03e4-4fa0-b1ea-5f4293315f67
256,db46d023-4a2b-43f2-aac8-d9d73284eddc,2,6f3a3072-a24d-4d11-9cef-25b0b5f8a4af
257,b3cb4101-b1c4-40d0-89e6-a029f1dcce5b,2,58b575f2-2192-4a53-9d21-df9a0c14fc25
258,cf9e7988-a925-4015-baf3-7a0f9e494291,2,843b6553-dc6a-4fc4-bceb-02cd39af0168
259,e77a9f5e-a3d7-4eed-ba0b-50893cb38f00,4,05df0866-1a66-41d8-9ed7-e2bbcddd6a3d
260,2bfad5b6-b4ad-47e2-a316-8b7dc7fbc246,1,05df0866-1a66-41d8-9ed7-e2bbcddd6a3d
261,0db4263a-5b43-488c-b9d8-9592c9f4d549,1,b66a7143-c18a-43bb-b5dc-06bb5d1d3160
262,86302f5c-4879-4056-8c99-b3721e83829d,4,e18f33a6-b89a-4fbc-82ad-ccba5bb261cc
263,7edd0cc1-e72c-4463-86c9-e7758c6fd2f6,1,579f4cd0-1f45-49d2-af55-9ab2b72c3b35
264,b10167f6-1753-4208-b79b-cba9ace4b6be,3,5ceddd13-cf00-481f-9285-8340ab95d06d
265,841074bf-571a-43a6-963c-ba7cbdb26c85,1,35550082-a52d-4301-8f06-05b30f6f3616
266,5f16fb3f-aa26-4cdc-8de6-e86c96dc842f,3,b66a7143-c18a-43bb-b5dc-06bb5d1d3160
267,58d89e41-48a4-49a5-944e-28b4e349288d,2,5ceddd13-cf00-481f-9285-8340ab95d06d
268,667f2f4e-4262-425d-bf66-9b600af692a6,1,5b50b820-1d0a-4231-9422-75e7f6b0cecf
269,b6d916e6-da31-4145-9edd-8fc76677b55b,4,5ceddd13-cf00-481f-9285-8340ab95d06d
270,911cf158-a9f8-47f9-a8f0-900b113fc41a,3,74aeb414-e3dd-4e8a-beef-0fa45225214d
271,df91aa85-bfc7-4c31-93ef-4cee8d00a343,4,55c6a062-5f4a-4a8b-a8e5-05ea5e6715a3
272,1747e0c2-2649-4b8b-8048-540425302a8f,4,5ceddd13-cf00-481f-9285-8340ab95d06d
273,85a88715-9eef-486b-9494-82989ee3b483,4,37e0062f-bd15-4c3e-b272-558a86d90598
274,59c79883-a968-49af-833b-7305f181c669,1,55c6a062-5f4a-4a8b-a8e5-05ea5e6715a3
275,44f19d9b-6f8d-4c04-8c1e-ee05a171a48a,3,d3e228db-8ca5-42ad-bb0a-2148e876cc59
276,b3773cdd-b925-4eda-906c-57fa5d0e5a55,4,579f4cd0-1f45-49d2-af55-9ab2b72c3b35
277,e1ecd50e-033d-4d0c-bcff-137c2eb494dd,1,58b575f2-2192-4a53-9d21-df9a0c14fc25
278,a5030657-135a-454a-b17e-1014c1b53852,4,35550082-a52d-4301-8f06-05b30f6f3616
279,ec9be902-7557-431c-824d-5c157c191697,3,c7050c3b-a898-424d-8d98-ab0aaad7bef4
280,47254e22-09a8-4661-b2db-1a7e8d80b746,4,c7050c3b-a898-424d-8d98-ab0aaad7bef4
281,859841a2-a2fa-4d7b-a749-8cd37b31b1ed,2,58b575f2-2192-4a53-9d21-df9a0c14fc25
282,6abeb560-cfb9-4726-8d7d-612f3cd3763e,3,689fb64e-a4a2-45c5-b9f2-480c2155624d
283,58d89e41-48a4-49a5-944e-28b4e349288d,3,bb19d194-e1bd-4358-819e-cd1f1b401c0c
284,c49ed1e6-c56b-4681-bef8-cf8d99404832,4,615695d3-8ffd-4850-bcf7-944cf6d3685b
285,c20d15c3-b463-49d9-a114-905c83bbf357,1,e5ee99b6-519f-4218-8b41-62f48f59f700
286,27897d11-f7a3-424a-bc4b-50c0487d12d1,1,c17e63f7-0d28-4a95-8248-b01ea354840e
287,b2b891d1-56c5-4876-a24f-a7961b3e1b3b,3,689fb64e-a4a2-45c5-b9f2-480c2155624d
288,5dbde056-632e-484a-a30b-67665cec51ee,4,b86ae24b-6f59-47e8-8adc-b17d88cbd367
289,1e68f64e-1365-489e-8cf4-b56f8cf13fd7,2,b86ae24b-6f59-47e8-8adc-b17d88cbd367
290,4fe7882d-a063-4afc-95c5-a80430305a22,1,e5ee99b6-519f-4218-8b41-62f48f59f700
291,59c79883-a968-49af-833b-7305f181c669,3,6f3a3072-a24d-4d11-9cef-25b0b5f8a4af
292,a11ec73d-efcb-4918-be37-fa6f812d22de,4,b86ae24b-6f59-47e8-8adc-b17d88cbd367
293,d9ec4e76-e7c0-4457-b6e2-a025abea6b9a,1,74aeb414-e3dd-4e8a-beef-0fa45225214d
294,dc3c0681-9e42-4041-a2eb-576324037da3,2,58b575f2-2192-4a53-9d21-df9a0c14fc25
295,290e43d7-2768-47e8-9037-94d08ddc4345,3,e706ab70-b396-4d30-a6b2-a1ccf3625b52
296,aafb9fbd-56e1-4dcc-b6b2-a3fd91381bb6,1,55c6a062-5f4a-4a8b-a8e5-05ea5e6715a3
297,08cbcbdc-781b-434d-a70b-4955117596a1,2,e5ee99b6-519f-4218-8b41-62f48f59f700
298,5b8caca4-14fb-4813-b0bc-b768c8217a19,4,35550082-a52d-4301-8f06-05b30f6f3616
299,38893be1-b3c0-4460-ab69-f83f6ac95c6a,3,e5ee99b6-519f-4218-8b41-62f48f59f700
300,f9d41e2a-81fa-400d-930f-a960c3135db9,2,e2e78dfc-f25c-4fec-a002-8e280d61a2f2
301,8a4b88e8-7b27-4023-8134-93c6b05b2c6e,2,fb0e8be7-5ac4-4a76-a1fa-2cc4bf0b2d80
302,a86318cc-892b-4ea0-a031-da15ad2e52ed,1,5ceddd13-cf00-481f-9285-8340ab95d06d
303,f61a095b-7537-4869-aeff-1433277fa898,3,5ceddd13-cf00-481f-9285-8340ab95d06d
304,e1ecd50e-033d-4d0c-bcff-137c2eb494dd,2,e2e78dfc-f25c-4fec-a002-8e280d61a2f2
305,f4b472f8-f344-4abe-a7dd-5b3cc983301b,4,bb19d194-e1bd-4358-819e-cd1f1b401c0c
306,f684e5fd-154c-4b52-9b35-1ccc7e74190f,3,35550082-a52d-4301-8f06-05b30f6f3616
307,e60286de-ae1c-4427-8b3c-3f019e93ac7a,4,a88a23ef-679c-4743-b151-dc7722040d8c
308,8742e74e-c54e-4264-a3f2-7dd301072523,1,37e0062f-bd15-4c3e-b272-558a86d90598
309,3dd8be7e-c2c0-4141-953f-1ce79cff87b8,2,c7050c3b-a898-424d-8d98-ab0aaad7bef4
310,778f8864-d993-4118-b7d6-1ea836ec6791,3,e18f33a6-b89a-4fbc-82ad-ccba5bb261cc
311,ec9be902-7557-431c-824d-5c157c191697,4,e18f33a6-b89a-4fbc-82ad-ccba5bb261cc
312,273c575f-a41c-428f-80b0-a97985793b00,2,e706ab70-b396-4d30-a6b2-a1ccf3625b52
313,4c128667-aa7c-41be-b9dd-bb5a1164e6f0,3,80eda933-749d-4fc6-91d5-613d29eb126f
314,2434b44d-0df9-4d54-99ad-e259cbf9efa6,3,05df0866-1a66-41d8-9ed7-e2bbcddd6a3d
315,fae3a36e-1707-441b-8ff8-7b6afeb278f6,4,58b575f2-2192-4a53-9d21-df9a0c14fc25
316,b245fe74-2070-4203-848c-85d4b59f8eef,2,58b575f2-2192-4a53-9d21-df9a0c14fc25
317,671aa103-6918-4d9a-89f6-3bd3861f4a9b,1,6f3a3072-a24d-4d11-9cef-25b0b5f8a4af
318,2a4ce69d-8db6-48d7-b48f-719d09b0b91f,3,64d39754-03e4-4fa0-b1ea-5f4293315f67
319,bb219a8e-f747-4cc5-ac19-9f505baed9ff,2,c7050c3b-a898-424d-8d98-ab0aaad7bef4
320,4c128667-aa7c-41be-b9dd-bb5a1164e6f0,3,e18f33a6-b89a-4fbc-82ad-ccba5bb261cc
321,a5030657-135a-454a-b17e-1014c1b53852,4,64d39754-03e4-4fa0-b1ea-5f4293315f67
322,2bfad5b6-b4ad-47e2-a316-8b7dc7fbc246,1,e8b6528e-a830-4d03-a027-473b411c7f02
323,0f3fb208-95e1-4d3b-8f09-ae6088d41938,4,615695d3-8ffd-4850-bcf7-944cf6d3685b
324,915a50e8-2ca3-434b-aacb-7d633ba1bef1,1,35550082-a52d-4301-8f06-05b30f6f3616
325,8b006054-ad90-49c4-9685-2adabaf29fcc,2,b86ae24b-6f59-47e8-8adc-b17d88cbd367
326,5b8caca4-14fb-4813-b0bc-b768c8217a19,3,e5ee99b6-519f-4218-8b41-62f48f59f700
327,32726aa6-2175-4fc7-856b-512f61c70dc1,2,bb19d194-e1bd-4358-819e-cd1f1b401c0c
328,942af8de-9bef-48e3-8fda-2341f20d2fbe,3,b86ae24b-6f59-47e8-8adc-b17d88cbd367
329,f0f5f852-5c81-4f33-a415-15b660486918,2,be49171b-9f72-4fc9-bf7a-9a52e259836b
330,7db78274-d998-408b-9c97-83f22373c9ea,1,fb0e8be7-5ac4-4a76-a1fa-2cc4bf0b2d80
331,5741e351-3124-4de7-9dff-01a448e7dfd4,4,b66a7143-c18a-43bb-b5dc-06bb5d1d3160
332,e24985f3-2fb3-456e-a1aa-aaf88f490d70,1,e8b6528e-a830-4d03-a027-473b411c7f02
333,e42ba9a9-986a-4f00-8dd2-5cf8462c74ea,3,579f4cd0-1f45-49d2-af55-9ab2b72c3b35
334,03b5ede7-4f3e-4d17-a326-be5e27338501,4,c17e63f7-0d28-4a95-8248-b01ea354840e
335,175d8fb5-2c45-45b5-9fe3-7b3987d05b2d,4,579f4cd0-1f45-49d2-af55-9ab2b72c3b35
336,62f9cc25-a60a-4a87-a7d8-79f9f70ef6a3,4,fb0e8be7-5ac4-4a76-a1fa-2cc4bf0b2d80
337,2a4ce69d-8db6-48d7-b48f-719d09b0b91f,4,be49171b-9f72-4fc9-bf7a-9a52e259836b
338,da8cbe31-46f8-4b5c-806a-11ba9c40df9a,3,4cda01b9-62e2-46c5-830f-b7f262a58fb1
339,967f96c9-adcf-4304-9295-73a9766fe51f,2,c17e63f7-0d28-4a95-8248-b01ea354840e
340,d6ae6182-1c85-4b8e-a7a0-d150b08cab27,4,35550082-a52d-4301-8f06-05b30f6f3616
341,c23de9da-73a2-437f-a2c2-bd257bc692c3,4,e8b6528e-a830-4d03-a027-473b411c7f02
342,19c066e5-c505-4814-8e68-ac6ab2971a67,2,d3e228db-8ca5-42ad-bb0a-2148e876cc59
343,871d9861-ea19-47a1-950d-c3198128acef,3,579f4cd0-1f45-49d2-af55-9ab2b72c3b35
344,ba9fa0c5-4631-42dc-9e4f-1dbbaafcb85c,2,e5ee99b6-519f-4218-8b41-62f48f59f700
345,3772cac5-2ea2-4278-9166-f0703935a671,1,be49171b-9f72-4fc9-bf7a-9a52e259836b
346,1747e0c2-2649-4b8b-8048-540425302a8f,4,b86ae24b-6f59-47e8-8adc-b17d88cbd367
347,15f26002-ee82-4855-a9d7-d55ff3f1a85b,3,5b50b820-1d0a-4231-9422-75e7f6b0cecf
348,912c0b79-532d-4710-bf23-0f9e227b5864,2,80eda933-749d-4fc6-91d5-613d29eb126f
349,88971e55-2d81-493c-bd7f-2e1efc4c0153,1,615695d3-8ffd-4850-bcf7-944cf6d3685b
350,8385cfcd-2b3f-443a-a676-9756f7eb5404,1,bb19d194-e1bd-4358-819e-cd1f1b401c0c
351,53aa67bb-9718-44bf-8b08-dc5e853a7166,1,e18f33a6-b89a-4fbc-82ad-ccba5bb261cc
352,265f9aae-561a-4232-a78a-7052466e46b7,2,74aeb414-e3dd-4e8a-beef-0fa45225214d
353,b3cb4101-b1c4-40d0-89e6-a029f1dcce5b,1,c17e63f7-0d28-4a95-8248-b01ea354840e
354,4650242f-8513-49dd-b2e8-4df3c388fd22,3,55c6a062-5f4a-4a8b-a8e5-05ea5e6715a3
355,2db8d59b-1470-4cd3-8be6-c96a82480240,3,74aeb414-e3dd-4e8a-beef-0fa45225214d
356,cc2d40a9-dc85-481f-b027-9d1198187b70,4,c17e63f7-0d28-4a95-8248-b01ea354840e
357,d1f27bac-ff50-489e-a5e0-12fd99fcf3e8,2,fb0e8be7-5ac4-4a76-a1fa-2cc4bf0b2d80
358,d13a5859-35dd-4e23-9601-6bfef26a0ded,4,579f4cd0-1f45-49d2-af55-9ab2b72c3b35
359,5f078a73-bc4b-4231-9c91-144060234d49,4,b86ae24b-6f59-47e8-8adc-b17d88cbd367
360,7cbec68e-07c8-4476-86b4-90549db95454,4,6f3a3072-a24d-4d11-9cef-25b0b5f8a4af
361,6056966f-4515-4b6c-b1a6-7f55ca774b78,2,35550082-a52d-4301-8f06-05b30f6f3616
362,ba9fa0c5-4631-42dc-9e4f-1dbbaafcb85c,4,5ceddd13-cf00-481f-9285-8340ab95d06d
363,b9523b83-4b6f-41d3-8681-b946313ac6c3,1,74aeb414-e3dd-4e8a-beef-0fa45225214d
364,a11ec73d-efcb-4918-be37-fa6f812d22de,4,e8b6528e-a830-4d03-a027-473b411c7f02
365,8f024856-4bf8-4117-81ac-d61f62c91158,1,843b6553-dc6a-4fc4-bceb-02cd39af0168
366,97c51e08-8026-44cb-af4b-15f8011e4931,4,b86ae24b-6f59-47e8-8adc-b17d88cbd367
367,b3bbc1b2-11bf-4a7f-8424-8c6fb14d753b,1,be49171b-9f72-4fc9-bf7a-9a52e259836b
368,93a40bfd-c161-47be-8659-714ca706b514,2,e18f33a6-b89a-4fbc-82ad-ccba5bb261cc
369,f4b472f8-f344-4abe-a7dd-5b3cc983301b,1,579f4cd0-1f45-49d2-af55-9ab2b72c3b35
370,d9cc0f2f-0be3-4cfc-bec0-fd97eb7977d6,2,579f4cd0-1f45-49d2-af55-9ab2b72c3b35
371,35b4cbc7-b92f-400f-b292-8494dbb23567,2,74aeb414-e3dd-4e8a-beef-0fa45225214d
372,bbd9db3c-9553-43b8-8223-c8d204ba5129,2,e18f33a6-b89a-4fbc-82ad-ccba5bb261cc
373,a2c0226b-46d1-4100-9eff-f9d5b3255850,2,5b50b820-1d0a-4231-9422-75e7f6b0cecf
374,03b5ede7-4f3e-4d17-a326-be5e27338501,4,37e0062f-bd15-4c3e-b272-558a86d90598
375,03b5ede7-4f3e-4d17-a326-be5e27338501,4,80eda933-749d-4fc6-91d5-613d29eb126f
376,b9523b83-4b6f-41d3-8681-b946313ac6c3,1,58b575f2-2192-4a53-9d21-df9a0c14fc25
377,8329a65b-7ddf-4250-aeee-bd625f8a401a,3,5b50b820-1d0a-4231-9422-75e7f6b0cecf
378,88971e55-2d81-493c-bd7f-2e1efc4c0153,2,80eda933-749d-4fc6-91d5-613d29eb126f
379,942af8de-9bef-48e3-8fda-2341f20d2fbe,2,4cda01b9-62e2-46c5-830f-b7f262a58fb1
380,1be71a60-1e61-4b97-aa13-1a6886f50ef3,4,35550082-a52d-4301-8f06-05b30f6f3616
381,a11ec73d-efcb-4918-be37-fa6f812d22de,1,55c6a062-5f4a-4a8b-a8e5-05ea5e6715a3
382,f6eed630-9b01-4f64-81eb-f13be001f2b6,3,5ceddd13-cf00-481f-9285-8340ab95d06d
383,1e5fa971-3c0e-4ae8-b5bb-63d6176b82b2,2,843b6553-dc6a-4fc4-bceb-02cd39af0168
384,630bc8fb-239e-49e8-9911-90f5ee5637c6,4,579f4cd0-1f45-49d2-af55-9ab2b72c3b35
385,497e5ef8-5bf6-424c-9d05-f5a467c2d23a,2,e18f33a6-b89a-4fbc-82ad-ccba5bb261cc
386,2db8d59b-1470-4cd3-8be6-c96a82480240,2,d3e228db-8ca5-42ad-bb0a-2148e876cc59
387,ea907a0e-c27d-4d44-878c-1d2a9e54b740,1,fb0e8be7-5ac4-4a76-a1fa-2cc4bf0b2d80
388,12c0a32d-2471-465f-9337-14b221af4fc3,3,689fb64e-a4a2-45c5-b9f2-480c2155624d
389,5f994f7e-2e13-4720-99ed-cfbdcdfd6e2a,3,80eda933-749d-4fc6-91d5-613d29eb126f
390,80768346-2426-4f4a-a8ba-4f7768139f94,3,c7050c3b-a898-424d-8d98-ab0aaad7bef4
391,e42ba9a9-986a-4f00-8dd2-5cf8462c74ea,4,bb19d194-e1bd-4358-819e-cd1f1b401c0c
392,9f640f78-93eb-46d3-b4c8-41ef69b03d8b,3,e8b6528e-a830-4d03-a027-473b411c7f02
393,8f024856-4bf8-4117-81ac-d61f62c91158,1,05df0866-1a66-41d8-9ed7-e2bbcddd6a3d
394,1eb77dda-3387-4242-ba28-0b371ea785cf,2,fb0e8be7-5ac4-4a76-a1fa-2cc4bf0b2d80
395,692abf44-42fb-4cd3-8076-d9346d57211c,2,05df0866-1a66-41d8-9ed7-e2bbcddd6a3d
396,42ec61e5-e1ff-4dee-b507-3e466e5d1768,3,74aeb414-e3dd-4e8a-beef-0fa45225214d
397,44f19d9b-6f8d-4c04-8c1e-ee05a171a48a,1,615695d3-8ffd-4850-bcf7-944cf6d3685b
398,ba9fa0c5-4631-42dc-9e4f-1dbbaafcb85c,4,74aeb414-e3dd-4e8a-beef-0fa45225214d
399,29d20dcd-d0c4-4bca-a52d-fc9363b5d7c6,2,be49171b-9f72-4fc9-bf7a-9a52e259836b
400,b6d916e6-da31-4145-9edd-8fc76677b55b,2,35550082-a52d-4301-8f06-05b30f6f3616
401,c46b8091-59e1-49de-a505-f1c98023a65a,2,58b575f2-2192-4a53-9d21-df9a0c14fc25
402,96a0cf17-5d93-4476-b836-ec6c8c7a9b21,2,e2e78dfc-f25c-4fec-a002-8e280d61a2f2
403,12a416f6-08d4-4db5-953e-d683ca9081f6,2,37e0062f-bd15-4c3e-b272-558a86d90598
404,8899a38e-2c99-46ea-adb4-526c3a1fac38,4,64d39754-03e4-4fa0-b1ea-5f4293315f67
405,4a67cffa-e7bc-4d30-bc97-f2c9a71334d1,1,e5ee99b6-519f-4218-8b41-62f48f59f700
406,f9cdbb13-c633-4867-bcb0-284d9a583781,4,55c6a062-5f4a-4a8b-a8e5-05ea5e6715a3
407,937b130d-c75f-47c6-913f-ca7717e82dae,1,c17e63f7-0d28-4a95-8248-b01ea354840e
408,fe1144d9-15c7-4d10-a533-fee0c06b0bcb,3,615695d3-8ffd-4850-bcf7-944cf6d3685b
409,2ebd594f-3b44-4b66-87f0-5b2c321086d1,1,37e0062f-bd15-4c3e-b272-558a86d90598
410,f67806e3-1791-404d-a445-6467318f3a0d,4,55c6a062-5f4a-4a8b-a8e5-05ea5e6715a3
411,0669a520-9c7e-424d-a279-ee96f6f25aec,1,e8b6528e-a830-4d03-a027-473b411c7f02
412,906ac891-d7a7-4d50-b4c6-c982fae2fc2d,1,b66a7143-c18a-43bb-b5dc-06bb5d1d3160
413,59c79883-a968-49af-833b-7305f181c669,1,80eda933-749d-4fc6-91d5-613d29eb126f
414,53aa67bb-9718-44bf-8b08-dc5e853a7166,4,e5ee99b6-519f-4218-8b41-62f48f59f700
415,1829f967-79c8-4998-ba9f-9d381728cedd,3,05df0866-1a66-41d8-9ed7-e2bbcddd6a3d
416,27897d11-f7a3-424a-bc4b-50c0487d12d1,4,fb0e8be7-5ac4-4a76-a1fa-2cc4bf0b2d80
417,ba6390f1-e352-4fd5-9f1e-b350214c4124,4,fb0e8be7-5ac4-4a76-a1fa-2cc4bf0b2d80
418,f3ab84e6-dec5-43b4-9aa7-45b9988bff58,2,d3e228db-8ca5-42ad-bb0a-2148e876cc59
419,a11ec73d-efcb-4918-be37-fa6f812d22de,1,5ceddd13-cf00-481f-9285-8340ab95d06d
420,80768346-2426-4f4a-a8ba-4f7768139f94,2,e18f33a6-b89a-4fbc-82ad-ccba5bb261cc
421,84aac39f-68ae-4e5f-a2c7-b5ad0b820a09,1,5b50b820-1d0a-4231-9422-75e7f6b0cecf
422,fa41614e-38dc-4cfb-ade8-4ffb9d1fed72,3,35550082-a52d-4301-8f06-05b30f6f3616
423,e86dab74-f840-482c-b833-0e60b4e58a27,1,6f3a3072-a24d-4d11-9cef-25b0b5f8a4af
424,265f9aae-561a-4232-a78a-7052466e46b7,4,e2e78dfc-f25c-4fec-a002-8e280d61a2f2
425,0ac61965-6392-4fe3-bb4f-292438c37de0,2,c17e63f7-0d28-4a95-8248-b01ea354840e
426,3895ef3d-4e4f-4793-ba7f-66743b7a7d39,2,5b50b820-1d0a-4231-9422-75e7f6b0cecf
427,fed6ed02-4791-48e0-8cc4-c127dceca8ca,1,5ceddd13-cf00-481f-9285-8340ab95d06d
428,b3bbc1b2-11bf-4a7f-8424-8c6fb14d753b,3,5b50b820-1d0a-4231-9422-75e7f6b0cecf
429,b245fe74-2070-4203-848c-85d4b59f8eef,3,5ceddd13-cf00-481f-9285-8340ab95d06d
430,529bcc4d-8fcc-42b5-b4c5-a0e2c8886686,4,579f4cd0-1f45-49d2-af55-9ab2b72c3b35
431,273c575f-a41c-428f-80b0-a97985793b00,3,e8b6528e-a830-4d03-a027-473b411c7f02
432,7edd0cc1-e72c-4463-86c9-e7758c6fd2f6,1,be49171b-9f72-4fc9-bf7a-9a52e259836b
433,ef4b32fb-3859-441a-a4cc-1ca197f78aeb,1,4cda01b9-62e2-46c5-830f-b7f262a58fb1
434,0322c87a-dccc-4c1d-a639-2404c00c7871,3,c7050c3b-a898-424d-8d98-ab0aaad7bef4
435,a7cf9a95-2f89-4c41-bc7d-1ba891946f76,2,689fb64e-a4a2-45c5-b9f2-480c2155624d
436,095cd54c-8568-4245-9d7a-9c2f79c6a19e,2,689fb64e-a4a2-45c5-b9f2-480c2155624d
437,9da202ba-64b2-4c8c-bab7-7cfc56a3410c,1,80eda933-749d-4fc6-91d5-613d29eb126f
438,03b5ede7-4f3e-4d17-a326-be5e27338501,3,e8b6528e-a830-4d03-a027-473b411c7f02
439,967f96c9-adcf-4304-9295-73a9766fe51f,1,74aeb414-e3dd-4e8a-beef-0fa45225214d
440,4650242f-8513-49dd-b2e8-4df3c388fd22,4,fb0e8be7-5ac4-4a76-a1fa-2cc4bf0b2d80
441,29feab11-0894-43f4-bb2b-502453a49f23,4,4cda01b9-62e2-46c5-830f-b7f262a58fb1
442,29d20dcd-d0c4-4bca-a52d-fc9363b5d7c6,3,5ceddd13-cf00-481f-9285-8340ab95d06d
443,630bc8fb-239e-49e8-9911-90f5ee5637c6,2,e5ee99b6-519f-4218-8b41-62f48f59f700
444,667f2f4e-4262-425d-bf66-9b600af692a6,1,74aeb414-e3dd-4e8a-beef-0fa45225214d
445,d6ae6182-1c85-4b8e-a7a0-d150b08cab27,1,c7050c3b-a898-424d-8d98-ab0aaad7bef4
446,f9d41e2a-81fa-400d-930f-a960c3135db9,2,c7050c3b-a898-424d-8d98-ab0aaad7bef4
447,692abf44-42fb-4cd3-8076-d9346d57211c,1,fb0e8be7-5ac4-4a76-a1fa-2cc4bf0b2d80
448,290e43d7-2768-47e8-9037-94d08ddc4345,2,bb19d194-e1bd-4358-819e-cd1f1b401c0c
449,f41a7205-5a93-4d93-8988-ad1ee619ae2a,1,64d39754-03e4-4fa0-b1ea-5f4293315f67
450,38c516e8-b23a-493a-8a5c-bf7b2b9ea995,3,64d39754-03e4-4fa0-b1ea-5f4293315f67
451,38893be1-b3c0-4460-ab69-f83f6ac95c6a,1,c17e63f7-0d28-4a95-8248-b01ea354840e
452,5f078a73-bc4b-4231-9c91-144060234d49,3,64d39754-03e4-4fa0-b1ea-5f4293315f67
453,01e059c6-9aee-4dfe-b5b5-8c403bb21a82,3,689fb64e-a4a2-45c5-b9f2-480c2155624d
454,c5a71045-9dfe-4345-8021-200a01481367,1,689fb64e-a4a2-45c5-b9f2-480c2155624d
455,b4eec587-6bca-4b2a-b3d3-ef2db72c4a4f,3,e8b6528e-a830-4d03-a027-473b411c7f02
456,9d24b74d-0aaf-45ab-954e-5d8e435a3366,3,579f4cd0-1f45-49d2-af55-9ab2b72c3b35
457,8a4b88e8-7b27-4023-8134-93c6b05b2c6e,1,bb19d194-e1bd-4358-819e-cd1f1b401c0c
458,c98cb399-9f31-47e9-8394-80b6962cbdae,2,6f3a3072-a24d-4d11-9cef-25b0b5f8a4af
459,aab22458-eebe-4f90-b563-d1eda139e78d,2,843b6553-dc6a-4fc4-bceb-02cd39af0168
460,eb047506-bf59-4d29-b134-6a9d80235f3f,2,c17e63f7-0d28-4a95-8248-b01ea354840e
461,b10167f6-1753-4208-b79b-cba9ace4b6be,2,4cda01b9-62e2-46c5-830f-b7f262a58fb1
462,0ec01f36-fc49-456b-8ca5-7a7d5ea50df5,1,64d39754-03e4-4fa0-b1ea-5f4293315f67
463,7023672d-7f59-4b86-be86-4d4621ad06ae,2,579f4cd0-1f45-49d2-af55-9ab2b72c3b35
464,c46b8091-59e1-49de-a505-f1c98023a65a,3,e18f33a6-b89a-4fbc-82ad-ccba5bb261cc
465,5f16fb3f-aa26-4cdc-8de6-e86c96dc842f,3,a88a23ef-679c-4743-b151-dc7722040d8c
466,62f9cc25-a60a-4a87-a7d8-79f9f70ef6a3,4,05df0866-1a66-41d8-9ed7-e2bbcddd6a3d
467,8438becb-0cf6-4add-b15d-b4f44b724b53,3,4cda01b9-62e2-46c5-830f-b7f262a58fb1
468,6abeb560-cfb9-4726-8d7d-612f3cd3763e,2,6f3a3072-a24d-4d11-9cef-25b0b5f8a4af
469,b6d916e6-da31-4145-9edd-8fc76677b55b,1,689fb64e-a4a2-45c5-b9f2-480c2155624d
470,d38de9c0-789c-4527-99ff-30a23f550d88,3,579f4cd0-1f45-49d2-af55-9ab2b72c3b35
471,e36cd6af-75e4-4182-8ce4-e3a5323bbf2b,4,c7050c3b-a898-424d-8d98-ab0aaad7bef4
472,71c94abb-281b-44d8-b082-7848ae8e88d8,3,615695d3-8ffd-4850-bcf7-944cf6d3685b
473,6280af33-1ec6-4e8b-bc9e-6ed331ccb5da,1,e5ee99b6-519f-4218-8b41-62f48f59f700
474,3af487e1-401f-4269-a6a8-afd4d88c780c,3,5ceddd13-cf00-481f-9285-8340ab95d06d
475,d9ec4e76-e7c0-4457-b6e2-a025abea6b9a,4,35550082-a52d-4301-8f06-05b30f6f3616
476,2795df92-ee7d-4992-bab2-15dbb2b2ab36,1,fb0e8be7-5ac4-4a76-a1fa-2cc4bf0b2d80
477,6f89159f-8046-4bae-a680-34ca13c9d4fa,2,e706ab70-b396-4d30-a6b2-a1ccf3625b52
478,27897d11-f7a3-424a-bc4b-50c0487d12d1,4,64d39754-03e4-4fa0-b1ea-5f4293315f67
479,8329a65b-7ddf-4250-aeee-bd625f8a401a,1,55c6a062-5f4a-4a8b-a8e5-05ea5e6715a3
480,885ebd5d-6a82-4802-a241-2e52e223df5a,2,5ceddd13-cf00-481f-9285-8340ab95d06d
481,c0873253-7827-4831-aa92-19c38372e58d,2,fb0e8be7-5ac4-4a76-a1fa-2cc4bf0b2d80
482,002f22d6-25a3-48e4-aaa9-36be31e57185,3,64d39754-03e4-4fa0-b1ea-5f4293315f67
483,cad92df1-0b1a-4827-a1fc-f20cece591dd,2,843b6553-dc6a-4fc4-bceb-02cd39af0168
484,265f9aae-561a-4232-a78a-7052466e46b7,1,e8b6528e-a830-4d03-a027-473b411c7f02
485,29d20dcd-d0c4-4bca-a52d-fc9363b5d7c6,2,615695d3-8ffd-4850-bcf7-944cf6d3685b
486,81617893-be66-4c1e-b73e-a71ece089732,4,80eda933-749d-4fc6-91d5-613d29eb126f
487,32726aa6-2175-4fc7-856b-512f61c70dc1,2,05df0866-1a66-41d8-9ed7-e2bbcddd6a3d
488,7edd0cc1-e72c-4463-86c9-e7758c6fd2f6,3,55c6a062-5f4a-4a8b-a8e5-05ea5e6715a3
489,942af8de-9bef-48e3-8fda-2341f20d2fbe,1,58b575f2-2192-4a53-9d21-df9a0c14fc25
490,df91aa85-bfc7-4c31-93ef-4cee8d00a343,1,615695d3-8ffd-4850-bcf7-944cf6d3685b
491,15f26002-ee82-4855-a9d7-d55ff3f1a85b,2,e2e78dfc-f25c-4fec-a002-8e280d61a2f2
492,6056966f-4515-4b6c-b1a6-7f55ca774b78,3,e8b6528e-a830-4d03-a027-473b411c7f02
493,8f024856-4bf8-4117-81ac-d61f62c91158,3,e2e78dfc-f25c-4fec-a002-8e280d61a2f2
494,671aa103-6918-4d9a-89f6-3bd3861f4a9b,2,5ceddd13-cf00-481f-9285-8340ab95d06d
495,08f64f64-8cd5-491a-a5a9-80ffd3321fc9,3,d3e228db-8ca5-42ad-bb0a-2148e876cc59
496,3332bd19-5807-4a5f-8894-8f1fee628adf,3,37e0062f-bd15-4c3e-b272-558a86d90598
497,8a7d1bfe-b9b2-4aae-9455-9533214ce43e,3,e706ab70-b396-4d30-a6b2-a1ccf3625b52
498,8b006054-ad90-49c4-9685-2adabaf29fcc,1,615695d3-8ffd-4850-bcf7-944cf6d3685b
499,1be71a60-1e61-4b97-aa13-1a6886f50ef3,4,fb0e8be7-5ac4-4a76-a1fa-2cc4bf0b2d80
500,5741e351-3124-4de7-9dff-01a448e7dfd4,4,e8b6528e-a830-4d03-a027-473b411c7f02
501,db7957ce-8b32-41bb-868f-c8e9cce8f1a3,4,b86ae24b-6f59-47e8-8adc-b17d88cbd367
502,ffd7d39a-e3b5-43dc-97b7-f6f5443ae314,4,37e0062f-bd15-4c3e-b272-558a86d90598
503,0ecabdf2-fe92-4d66-ad87-6e693748d682,4,5b50b820-1d0a-4231-9422-75e7f6b0cecf
504,38c516e8-b23a-493a-8a5c-bf7b2b9ea995,2,4cda01b9-62e2-46c5-830f-b7f262a58fb1
505,63505de8-b2e8-4588-8f0d-b1121bfb75f8,1,6f3a3072-a24d-4d11-9cef-25b0b5f8a4af
506,3332bd19-5807-4a5f-8894-8f1fee628adf,1,b66a7143-c18a-43bb-b5dc-06bb5d1d3160
507,b15964ec-1e59-4258-9ecb-bcaac33cd071,3,80eda933-749d-4fc6-91d5-613d29eb126f
508,e24985f3-2fb3-456e-a1aa-aaf88f490d70,1,c7050c3b-a898-424d-8d98-ab0aaad7bef4
509,b6d916e6-da31-4145-9edd-8fc76677b55b,3,e706ab70-b396-4d30-a6b2-a1ccf3625b52
510,34d36019-85bf-4260-9b15-1ed4d4ae3ada,3,a88a23ef-679c-4743-b151-dc7722040d8c
511,b15964ec-1e59-4258-9ecb-bcaac33cd071,2,b86ae24b-6f59-47e8-8adc-b17d88cbd367
512,551f91e6-bce3-4fb5-8dd6-782ff140480d,1,c7050c3b-a898-424d-8d98-ab0aaad7bef4
513,2bfad5b6-b4ad-47e2-a316-8b7dc7fbc246,1,e18f33a6-b89a-4fbc-82ad-ccba5bb261cc
514,dbfaf983-63e8-4246-899b-f0689e54ea56,4,4cda01b9-62e2-46c5-830f-b7f262a58fb1
515,2795df92-ee7d-4992-bab2-15dbb2b2ab36,3,e18f33a6-b89a-4fbc-82ad-ccba5bb261cc
516,a926376d-6261-45af-89bf-36cbee1f8cda,3,d3e228db-8ca5-42ad-bb0a-2148e876cc59
517,1b8feb77-03cf-4414-a652-544fa364c008,4,e18f33a6-b89a-4fbc-82ad-ccba5bb261cc
518,19f1c3c5-3840-4d33-8d88-30fad93fa25e,1,843b6553-dc6a-4fc4-bceb-02cd39af0168
519,f684e5fd-154c-4b52-9b35-1ccc7e74190f,1,b86ae24b-6f59-47e8-8adc-b17d88cbd367
520,951d80a3-2947-4ec2-a5a4-c633662d25e9,3,64d39754-03e4-4fa0-b1ea-5f4293315f67
521,bd760d86-5051-4418-86cc-d97e4deac8af,1,58b575f2-2192-4a53-9d21-df9a0c14fc25
522,5a87daee-97d3-4676-9f53-58bfb7042ca4,2,e5ee99b6-519f-4218-8b41-62f48f59f700
523,ec11cc26-50d8-47bd-8ed0-20587214ba7d,3,843b6553-dc6a-4fc4-bceb-02cd39af0168
524,5dbde056-632e-484a-a30b-67665cec51ee,3,05df0866-1a66-41d8-9ed7-e2bbcddd6a3d
525,9dfcd309-494d-49bb-8e85-ad176efff081,2,80eda933-749d-4fc6-91d5-613d29eb126f
526,71d7653c-9386-42df-afef-6d9d44bb53c4,4,689fb64e-a4a2-45c5-b9f2-480c2155624d
527,06b914dd-d6fc-44ea-a52e-10eadebb5183,1,58b575f2-2192-4a53-9d21-df9a0c14fc25
528,bff70480-5298-4218-8cac-4f825b082bf5,2,c17e63f7-0d28-4a95-8248-b01ea354840e
529,7456d2d4-95f8-4725-bcd3-78ec79467149,1,a88a23ef-679c-4743-b151-dc7722040d8c
530,041ecc00-a968-4118-afd5-84093c4e7356,3,e2e78dfc-f25c-4fec-a002-8e280d61a2f2
531,973443f0-e2ff-472c-8469-f452d0beeeda,4,689fb64e-a4a2-45c5-b9f2-480c2155624d
532,e4132e2f-e65c-407f-87f1-27c416702bf2,2,615695d3-8ffd-4850-bcf7-944cf6d3685b
533,1fa7bc74-ee64-4aa8-8df3-f8066532eb9c,2,80eda933-749d-4fc6-91d5-613d29eb126f
534,5b13b820-a450-42d2-aaaa-a8a9c5fbd48c,1,37e0062f-bd15-4c3e-b272-558a86d90598
535,8a7d1bfe-b9b2-4aae-9455-9533214ce43e,2,e2e78dfc-f25c-4fec-a002-8e280d61a2f2
536,fc78eeaa-1ffc-480d-910d-02b487109fa8,4,843b6553-dc6a-4fc4-bceb-02cd39af0168
537,4d1f5b81-0ccc-4204-a6c8-f78c74882ded,4,fb0e8be7-5ac4-4a76-a1fa-2cc4bf0b2d80
538,4c0ffd68-11fc-4dcd-b979-c910412a16bf,1,e706ab70-b396-4d30-a6b2-a1ccf3625b52
539,5741e351-3124-4de7-9dff-01a448e7dfd4,4,05df0866-1a66-41d8-9ed7-e2bbcddd6a3d
540,939767ac-357a-4bec-91f8-a7b25edd46c9,4,80eda933-749d-4fc6-91d5-613d29eb126f
541,9dfcd309-494d-49bb-8e85-ad176efff081,2,e8b6528e-a830-4d03-a027-473b411c7f02
542,dc3c0681-9e42-4041-a2eb-576324037da3,1,e2e78dfc-f25c-4fec-a002-8e280d61a2f2
543,8742e74e-c54e-4264-a3f2-7dd301072523,4,fb0e8be7-5ac4-4a76-a1fa-2cc4bf0b2d80
544,5f16fb3f-aa26-4cdc-8de6-e86c96dc842f,2,55c6a062-5f4a-4a8b-a8e5-05ea5e6715a3
545,7f999c60-f004-4b75-8851-72498dfa47fc,2,58b575f2-2192-4a53-9d21-df9a0c14fc25
546,2db8d59b-1470-4cd3-8be6-c96a82480240,1,5b50b820-1d0a-4231-9422-75e7f6b0cecf
547,7f999c60-f004-4b75-8851-72498dfa47fc,4,689fb64e-a4a2-45c5-b9f2-480c2155624d
548,5a87daee-97d3-4676-9f53-58bfb7042ca4,1,05df0866-1a66-41d8-9ed7-e2bbcddd6a3d
549,9da202ba-64b2-4c8c-bab7-7cfc56a3410c,4,615695d3-8ffd-4850-bcf7-944cf6d3685b
550,03b5ede7-4f3e-4d17-a326-be5e27338501,3,a88a23ef-679c-4743-b151-dc7722040d8c
551,d13a5859-35dd-4e23-9601-6bfef26a0ded,1,d3e228db-8ca5-42ad-bb0a-2148e876cc59
552,c57a3e41-2e01-4529-a904-054657859dd7,2,a88a23ef-679c-4743-b151-dc7722040d8c
553,b12b922c-5b91-4dff-a7c5-839e42584ef3,4,64d39754-03e4-4fa0-b1ea-5f4293315f67
554,3dd8be7e-c2c0-4141-953f-1ce79cff87b8,3,6f3a3072-a24d-4d11-9cef-25b0b5f8a4af
555,b9523b83-4b6f-41d3-8681-b946313ac6c3,4,e8b6528e-a830-4d03-a027-473b411c7f02
556,03232fbc-033a-4ba9-b0d7-195b987682ef,2,615695d3-8ffd-4850-bcf7-944cf6d3685b
557,09853043-de2b-4ab4-a47a-4cb90a13a27e,1,e5ee99b6-519f-4218-8b41-62f48f59f700
558,cad92df1-0b1a-4827-a1fc-f20cece591dd,3,b66a7143-c18a-43bb-b5dc-06bb5d1d3160
559,951d80a3-2947-4ec2-a5a4-c633662d25e9,2,80eda933-749d-4fc6-91d5-613d29eb126f
560,484655dc-c294-4f4a-9ac4-de88a2e440e3,4,a88a23ef-679c-4743-b151-dc7722040d8c
561,ab62de1b-c41d-4dd0-a723-cbadfe62e864,1,689fb64e-a4a2-45c5-b9f2-480c2155624d
562,08f64f64-8cd5-491a-a5a9-80ffd3321fc9,1,a88a23ef-679c-4743-b151-dc7722040d8c
563,53aa67bb-9718-44bf-8b08-dc5e853a7166,2,05df0866-1a66-41d8-9ed7-e2bbcddd6a3d
564,2affb750-b1d9-4b84-b612-8381435bc669,2,e2e78dfc-f25c-4fec-a002-8e280d61a2f2
565,191f7ddb-6fac-4ced-905c-307b6b8a1f29,4,615695d3-8ffd-4850-bcf7-944cf6d3685b
566,97c51e08-8026-44cb-af4b-15f8011e4931,2,37e0062f-bd15-4c3e-b272-558a86d90598
567,4a67cffa-e7bc-4d30-bc97-f2c9a71334d1,3,843b6553-dc6a-4fc4-bceb-02cd39af0168
568,cc2bd924-fb17-408c-93b5-cc01cf8e9ef0,3,b86ae24b-6f59-47e8-8adc-b17d88cbd367
569,71c94abb-281b-44d8-b082-7848ae8e88d8,3,bb19d194-e1bd-4358-819e-cd1f1b401c0c
570,3fb5a1fd-bf02-4ca0-bb26-4ff4c4a4af74,4,b66a7143-c18a-43bb-b5dc-06bb5d1d3160
571,08a14677-500a-4814-a60a-d83c3f6a8a37,3,55c6a062-5f4a-4a8b-a8e5-05ea5e6715a3
572,2e40bfc1-f035-4617-a12b-da047e4578c3,1,615695d3-8ffd-4850-bcf7-944cf6d3685b
573,0ec01f36-fc49-456b-8ca5-7a7d5ea50df5,1,4cda01b9-62e2-46c5-830f-b7f262a58fb1
574,a86318cc-892b-4ea0-a031-da15ad2e52ed,4,615695d3-8ffd-4850-bcf7-944cf6d3685b
575,c08e2beb-24ee-4915-8668-dabe2306c6ca,4,e18f33a6-b89a-4fbc-82ad-ccba5bb261cc
576,73bfa842-99f9-4181-883f-08b7795cb167,3,e5ee99b6-519f-4218-8b41-62f48f59f700
577,ea907a0e-c27d-4d44-878c-1d2a9e54b740,3,5b50b820-1d0a-4231-9422-75e7f6b0cecf
578,cb9cd4d2-3bce-4173-8303-62e581e91ac7,3,55c6a062-5f4a-4a8b-a8e5-05ea5e6715a3
579,6f89159f-8046-4bae-a680-34ca13c9d4fa,4,689fb64e-a4a2-45c5-b9f2-480c2155624d
580,f6881473-8927-4504-8ba0-3acecf098b5c,2,689fb64e-a4a2-45c5-b9f2-480c2155624d
581,4c19a2cf-ac71-4c7b-b629-b61373a75db6,2,e8b6528e-a830-4d03-a027-473b411c7f02
582,e85b50e8-357e-45ff-8b8d-1890b9b7d0f0,1,579f4cd0-1f45-49d2-af55-9ab2b72c3b35
583,08a14677-500a-4814-a60a-d83c3f6a8a37,4,fb0e8be7-5ac4-4a76-a1fa-2cc4bf0b2d80
584,08f64f64-8cd5-491a-a5a9-80ffd3321fc9,1,c7050c3b-a898-424d-8d98-ab0aaad7bef4
585,682824be-efb5-4ff6-a61b-70342f7d7606,1,fb0e8be7-5ac4-4a76-a1fa-2cc4bf0b2d80
586,eddb6163-e96d-4f8f-98c6-76393a96dbbf,1,5ceddd13-cf00-481f-9285-8340ab95d06d
587,bff70480-5298-4218-8cac-4f825b082bf5,3,55c6a062-5f4a-4a8b-a8e5-05ea5e6715a3
588,a7cf9a95-2f89-4c41-bc7d-1ba891946f76,3,4cda01b9-62e2-46c5-830f-b7f262a58fb1
589,0322c87a-dccc-4c1d-a639-2404c00c7871,2,bb19d194-e1bd-4358-819e-cd1f1b401c0c
590,03232fbc-033a-4ba9-b0d7-195b987682ef,3,5ceddd13-cf00-481f-9285-8340ab95d06d
591,3e28eae3-bfb3-4f56-aeea-5a8d8fd399d2,3,be49171b-9f72-4fc9-bf7a-9a52e259836b
592,40dceee3-31ce-450b-b55d-09099de1a8fb,2,689fb64e-a4a2-45c5-b9f2-480c2155624d
593,5c309f46-440b-4cd5-a908-862c72e008b2,1,689fb64e-a4a2-45c5-b9f2-480c2155624d
594,7cbec68e-07c8-4476-86b4-90549db95454,2,b66a7143-c18a-43bb-b5dc-06bb5d1d3160
595,e2729b7d-e313-4a6f-9444-f7f65ae8db9a,4,58b575f2-2192-4a53-9d21-df9a0c14fc25
596,ea907a0e-c27d-4d44-878c-1d2a9e54b740,2,6f3a3072-a24d-4d11-9cef-25b0b5f8a4af
597,bff70480-5298-4218-8cac-4f825b082bf5,2,e706ab70-b396-4d30-a6b2-a1ccf3625b52
598,f9cdbb13-c633-4867-bcb0-284d9a583781,1,74aeb414-e3dd-4e8a-beef-0fa45225214d
599,f47e999f-0933-4903-bd76-2154b7fdc18c,4,05df0866-1a66-41d8-9ed7-e2bbcddd6a3d
600,bd1b29ee-5f35-4a9f-94a5-9faaae412e12,1,37e0062f-bd15-4c3e-b272-558a86d90598
601,2ebd594f-3b44-4b66-87f0-5b2c321086d1,1,e5ee99b6-519f-4218-8b41-62f48f59f700
602,7cbec68e-07c8-4476-86b4-90549db95454,2,e8b6528e-a830-4d03-a027-473b411c7f02
603,99127f5a-b3a4-440e-87c1-c78861ac2ca8,1,843b6553-dc6a-4fc4-bceb-02cd39af0168
604,90ffdce6-ac7d-46e1-b2b1-310b41b2c789,1,a88a23ef-679c-4743-b151-dc7722040d8c
605,ab62de1b-c41d-4dd0-a723-cbadfe62e864,4,74aeb414-e3dd-4e8a-beef-0fa45225214d
606,484655dc-c294-4f4a-9ac4-de88a2e440e3,3,e5ee99b6-519f-4218-8b41-62f48f59f700
607,bbb8264e-cb71-4967-8033-60d7a52ad2fc,1,80eda933-749d-4fc6-91d5-613d29eb126f
608,1559d243-a71a-4568-ac1b-a6175099e006,4,d3e228db-8ca5-42ad-bb0a-2148e876cc59
609,67ae065f-0e88-4dcd-bf78-95f5f4613c69,4,e706ab70-b396-4d30-a6b2-a1ccf3625b52
610,e2510e94-b61f-4d8f-bf5f-7c13f609f272,3,e8b6528e-a830-4d03-a027-473b411c7f02
611,e9891ca7-3306-4f75-93fd-c04b976f9641,4,05df0866-1a66-41d8-9ed7-e2bbcddd6a3d
612,f3ab84e6-dec5-43b4-9aa7-45b9988bff58,4,615695d3-8ffd-4850-bcf7-944cf6d3685b
613,4c19a2cf-ac71-4c7b-b629-b61373a75db6,4,55c6a062-5f4a-4a8b-a8e5-05ea5e6715a3
614,2973c405-100e-4ece-af7f-077783132b3c,4,be49171b-9f72-4fc9-bf7a-9a52e259836b
615,3fb5a1fd-bf02-4ca0-bb26-4ff4c4a4af74,3,689fb64e-a4a2-45c5-b9f2-480c2155624d
616,cec02b6d-c997-4cad-8ab8-141c7a30aaf0,4,d3e228db-8ca5-42ad-bb0a-2148e876cc59
617,0b926971-0595-47de-a881-26c82d880ed4,1,6f3a3072-a24d-4d11-9cef-25b0b5f8a4af
618,843b5729-e193-4a16-834e-7447e35a37c8,4,b86ae24b-6f59-47e8-8adc-b17d88cbd367
619,f5e96989-b540-486f-bb13-1f4297c194bd,3,c17e63f7-0d28-4a95-8248-b01ea354840e
620,fe655286-6400-456f-ad0f-c61554d8988b,3,c7050c3b-a898-424d-8d98-ab0aaad7bef4
621,ba9fa0c5-4631-42dc-9e4f-1dbbaafcb85c,2,c7050c3b-a898-424d-8d98-ab0aaad7bef4
622,da8cbe31-46f8-4b5c-806a-11ba9c40df9a,1,05df0866-1a66-41d8-9ed7-e2bbcddd6a3d
623,ab62de1b-c41d-4dd0-a723-cbadfe62e864,4,bb19d194-e1bd-4358-819e-cd1f1b401c0c
624,273c575f-a41c-428f-80b0-a97985793b00,2,5ceddd13-cf00-481f-9285-8340ab95d06d
625,951d80a3-2947-4ec2-a5a4-c633662d25e9,3,fb0e8be7-5ac4-4a76-a1fa-2cc4bf0b2d80
626,62f9cc25-a60a-4a87-a7d8-79f9f70ef6a3,3,4cda01b9-62e2-46c5-830f-b7f262a58fb1
627,a2c0226b-46d1-4100-9eff-f9d5b3255850,3,37e0062f-bd15-4c3e-b272-558a86d90598
628,841074bf-571a-43a6-963c-ba7cbdb26c85,4,689fb64e-a4a2-45c5-b9f2-480c2155624d
629,859841a2-a2fa-4d7b-a749-8cd37b31b1ed,3,c7050c3b-a898-424d-8d98-ab0aaad7bef4
630,2bfad5b6-b4ad-47e2-a316-8b7dc7fbc246,1,579f4cd0-1f45-49d2-af55-9ab2b72c3b35
631,32726aa6-2175-4fc7-856b-512f61c70dc1,1,e2e78dfc-f25c-4fec-a002-8e280d61a2f2
632,f6881473-8927-4504-8ba0-3acecf098b5c,2,be49171b-9f72-4fc9-bf7a-9a52e259836b
633,551f91e6-bce3-4fb5-8dd6-782ff140480d,4,58b575f2-2192-4a53-9d21-df9a0c14fc25
634,d1020671-7cdf-493c-b008-c48535415611,4,b86ae24b-6f59-47e8-8adc-b17d88cbd367
635,d99dab56-7aa3-4eca-869c-946bca5e6811,3,b66a7143-c18a-43bb-b5dc-06bb5d1d3160
636,82e2a7d2-d8c2-4b37-9f18-bba82f31c5b2,3,be49171b-9f72-4fc9-bf7a-9a52e259836b
637,538284dd-13b3-44b9-94a6-28aeb4f04475,4,c17e63f7-0d28-4a95-8248-b01ea354840e
638,50c99578-5773-4467-ab2b-3105a8f51645,2,b86ae24b-6f59-47e8-8adc-b17d88cbd367
639,12a416f6-08d4-4db5-953e-d683ca9081f6,1,be49171b-9f72-4fc9-bf7a-9a52e259836b
640,4c128667-aa7c-41be-b9dd-bb5a1164e6f0,1,35550082-a52d-4301-8f06-05b30f6f3616
641,2ebd594f-3b44-4b66-87f0-5b2c321086d1,1,e706ab70-b396-4d30-a6b2-a1ccf3625b52
642,d9cc0f2f-0be3-4cfc-bec0-fd97eb7977d6,3,c17e63f7-0d28-4a95-8248-b01ea354840e
643,f9d41e2a-81fa-400d-930f-a960c3135db9,2,e5ee99b6-519f-4218-8b41-62f48f59f700
644,b249a133-9d0d-4897-9ee3-0226e76914dc,1,05df0866-1a66-41d8-9ed7-e2bbcddd6a3d
645,9d24b74d-0aaf-45ab-954e-5d8e435a3366,4,a88a23ef-679c-4743-b151-dc7722040d8c
646,3af487e1-401f-4269-a6a8-afd4d88c780c,1,d3e228db-8ca5-42ad-bb0a-2148e876cc59
647,82e2a7d2-d8c2-4b37-9f18-bba82f31c5b2,2,bb19d194-e1bd-4358-819e-cd1f1b401c0c
648,bd1b29ee-5f35-4a9f-94a5-9faaae412e12,4,a88a23ef-679c-4743-b151-dc7722040d8c
649,7d0f805e-b354-4c27-b55d-310e49d06e4e,3,e18f33a6-b89a-4fbc-82ad-ccba5bb261cc
650,9eb8e518-6851-453b-98b9-cd5c38f4f80f,2,5b50b820-1d0a-4231-9422-75e7f6b0cecf
651,44551048-9048-4764-91f1-5c2bb6928f8a,3,e2e78dfc-f25c-4fec-a002-8e280d61a2f2
652,cc5d3269-258b-4661-b83e-6aaba676fb46,2,b66a7143-c18a-43bb-b5dc-06bb5d1d3160
653,85a88715-9eef-486b-9494-82989ee3b483,4,fb0e8be7-5ac4-4a76-a1fa-2cc4bf0b2d80
654,ba9fa0c5-4631-42dc-9e4f-1dbbaafcb85c,4,d3e228db-8ca5-42ad-bb0a-2148e876cc59
655,dbfaf983-63e8-4246-899b-f0689e54ea56,4,be49171b-9f72-4fc9-bf7a-9a52e259836b
656,b0d93ef1-d63c-4f47-b3d6-8c20ff25e4e2,3,74aeb414-e3dd-4e8a-beef-0fa45225214d
657,42ec61e5-e1ff-4dee-b507-3e466e5d1768,2,c17e63f7-0d28-4a95-8248-b01ea354840e
658,1ee4b2c1-1928-49aa-8552-88d946853143,2,c7050c3b-a898-424d-8d98-ab0aaad7bef4
659,d1f27bac-ff50-489e-a5e0-12fd99fcf3e8,1,5b50b820-1d0a-4231-9422-75e7f6b0cecf
660,03b5ede7-4f3e-4d17-a326-be5e27338501,1,64d39754-03e4-4fa0-b1ea-5f4293315f67
661,867b34a7-c143-45ec-81db-705506a9578b,3,80eda933-749d-4fc6-91d5-613d29eb126f
662,b6f9c559-8c79-409f-963f-2499e5ad315e,4,689fb64e-a4a2-45c5-b9f2-480c2155624d
663,88971e55-2d81-493c-bd7f-2e1efc4c0153,3,843b6553-dc6a-4fc4-bceb-02cd39af0168
664,484655dc-c294-4f4a-9ac4-de88a2e440e3,3,843b6553-dc6a-4fc4-bceb-02cd39af0168
665,50c99578-5773-4467-ab2b-3105a8f51645,1,37e0062f-bd15-4c3e-b272-558a86d90598
666,b245fe74-2070-4203-848c-85d4b59f8eef,3,e5ee99b6-519f-4218-8b41-62f48f59f700
667,89e6f87a-1347-4670-9cb6-8873c4ae0bca,4,b66a7143-c18a-43bb-b5dc-06bb5d1d3160
668,27897d11-f7a3-424a-bc4b-50c0487d12d1,4,55c6a062-5f4a-4a8b-a8e5-05ea5e6715a3
669,e03c0b27-dcb0-4b48-a36e-1c5f013d11d9,1,c17e63f7-0d28-4a95-8248-b01ea354840e
670,431ed9a0-8475-4928-a7b2-81db3f1a2dea,1,fb0e8be7-5ac4-4a76-a1fa-2cc4bf0b2d80
671,c20d15c3-b463-49d9-a114-905c83bbf357,4,55c6a062-5f4a-4a8b-a8e5-05ea5e6715a3
672,3af487e1-401f-4269-a6a8-afd4d88c780c,2,689fb64e-a4a2-45c5-b9f2-480c2155624d
673,96b4a784-2348-428c-bf1a-b1622c88d0d7,2,80eda933-749d-4fc6-91d5-613d29eb126f
674,a132ed5c-7140-41f5-8eb1-992b7aeae11b,3,fb0e8be7-5ac4-4a76-a1fa-2cc4bf0b2d80
675,8a7d1bfe-b9b2-4aae-9455-9533214ce43e,3,74aeb414-e3dd-4e8a-beef-0fa45225214d
676,fd47d88b-69d6-403b-bf53-b108819098f0,3,e18f33a6-b89a-4fbc-82ad-ccba5bb261cc
677,041ecc00-a968-4118-afd5-84093c4e7356,1,d3e228db-8ca5-42ad-bb0a-2148e876cc59
678,8502b2de-ada6-4a20-8625-092835744bd8,2,615695d3-8ffd-4850-bcf7-944cf6d3685b
679,0f7d97e4-6093-489d-b338-e98397482ff3,3,615695d3-8ffd-4850-bcf7-944cf6d3685b
680,85a88715-9eef-486b-9494-82989ee3b483,3,e706ab70-b396-4d30-a6b2-a1ccf3625b52
681,63505de8-b2e8-4588-8f0d-b1121bfb75f8,4,5ceddd13-cf00-481f-9285-8340ab95d06d
682,7db78274-d998-408b-9c97-83f22373c9ea,3,5ceddd13-cf00-481f-9285-8340ab95d06d
683,87a0f788-bba9-40b9-8c39-7df9d4dece24,1,e706ab70-b396-4d30-a6b2-a1ccf3625b52
684,2fafb5c6-5200-4d9a-af6b-b6517667a1ea,3,fb0e8be7-5ac4-4a76-a1fa-2cc4bf0b2d80
685,a5db4fd7-bc7c-47d6-a162-e613d905ec82,3,b66a7143-c18a-43bb-b5dc-06bb5d1d3160
686,7d0f805e-b354-4c27-b55d-310e49d06e4e,3,bb19d194-e1bd-4358-819e-cd1f1b401c0c
687,349b5ed3-cac3-401f-aef3-290bc0b8d5d7,1,615695d3-8ffd-4850-bcf7-944cf6d3685b
688,5b13b820-a450-42d2-aaaa-a8a9c5fbd48c,2,843b6553-dc6a-4fc4-bceb-02cd39af0168
689,32bd64c8-5e08-472f-b41e-f8af1d345763,1,5ceddd13-cf00-481f-9285-8340ab95d06d
690,e1ecd50e-033d-4d0c-bcff-137c2eb494dd,1,c17e63f7-0d28-4a95-8248-b01ea354840e
691,bc247c35-1e4f-453a-af60-f14218a219b5,4,be49171b-9f72-4fc9-bf7a-9a52e259836b
692,40dceee3-31ce-450b-b55d-09099de1a8fb,3,c7050c3b-a898-424d-8d98-ab0aaad7bef4
693,d9ec4e76-e7c0-4457-b6e2-a025abea6b9a,2,37e0062f-bd15-4c3e-b272-558a86d90598
694,4aca1a9f-2fdc-49ce-8055-f178ffaff195,2,e706ab70-b396-4d30-a6b2-a1ccf3625b52
695,0322c87a-dccc-4c1d-a639-2404c00c7871,3,689fb64e-a4a2-45c5-b9f2-480c2155624d
696,0b926971-0595-47de-a881-26c82d880ed4,4,37e0062f-bd15-4c3e-b272-558a86d90598
697,29d20dcd-d0c4-4bca-a52d-fc9363b5d7c6,1,e2e78dfc-f25c-4fec-a002-8e280d61a2f2
698,62f9cc25-a60a-4a87-a7d8-79f9f70ef6a3,4,64d39754-03e4-4fa0-b1ea-5f4293315f67
699,80768346-2426-4f4a-a8ba-4f7768139f94,4,74aeb414-e3dd-4e8a-beef-0fa45225214d
700,fd47d88b-69d6-403b-bf53-b108819098f0,1,d3e228db-8ca5-42ad-bb0a-2148e876cc59
701,92d3887f-6f9e-4e3f-85a8-3da52d46cd45,2,bb19d194-e1bd-4358-819e-cd1f1b401c0c
702,973443f0-e2ff-472c-8469-f452d0beeeda,4,05df0866-1a66-41d8-9ed7-e2bbcddd6a3d
703,d6c0fab7-7510-49cc-bd20-c4d139cc63b7,4,b86ae24b-6f59-47e8-8adc-b17d88cbd367
704,cf9e7988-a925-4015-baf3-7a0f9e494291,4,a88a23ef-679c-4743-b151-dc7722040d8c
705,15f26002-ee82-4855-a9d7-d55ff3f1a85b,1,579f4cd0-1f45-49d2-af55-9ab2b72c3b35
706,032b02a8-84fe-4c54-950a-e5757021ecc2,1,4cda01b9-62e2-46c5-830f-b7f262a58fb1
707,adfbf8f4-16df-4e8e-845c-1c1efa5f69d9,2,615695d3-8ffd-4850-bcf7-944cf6d3685b
708,b8674a2e-e825-4cde-8885-959b55d86c1a,4,fb0e8be7-5ac4-4a76-a1fa-2cc4bf0b2d80
709,3fb5a1fd-bf02-4ca0-bb26-4ff4c4a4af74,1,d3e228db-8ca5-42ad-bb0a-2148e876cc59
710,97c51e08-8026-44cb-af4b-15f8011e4931,1,e8b6528e-a830-4d03-a027-473b411c7f02
711,e03c0b27-dcb0-4b48-a36e-1c5f013d11d9,1,74aeb414-e3dd-4e8a-beef-0fa45225214d
712,002f22d6-25a3-48e4-aaa9-36be31e57185,2,689fb64e-a4a2-45c5-b9f2-480c2155624d
713,a5db4fd7-bc7c-47d6-a162-e613d905ec82,2,579f4cd0-1f45-49d2-af55-9ab2b72c3b35
714,914b8929-e04a-40f8-86ee-357f2be3a2a2,2,b66a7143-c18a-43bb-b5dc-06bb5d1d3160
715,4f4b3ac9-1308-4115-b7d7-abe956e17565,4,e8b6528e-a830-4d03-a027-473b411c7f02
716,2fafb5c6-5200-4d9a-af6b-b6517667a1ea,4,35550082-a52d-4301-8f06-05b30f6f3616
717,e4926154-3efe-4c30-860a-5cbb7f97490b,3,55c6a062-5f4a-4a8b-a8e5-05ea5e6715a3
718,0ac61965-6392-4fe3-bb4f-292438c37de0,2,37e0062f-bd15-4c3e-b272-558a86d90598
719,bff70480-5298-4218-8cac-4f825b082bf5,1,615695d3-8ffd-4850-bcf7-944cf6d3685b
720,0976f5e0-829b-4111-9ae8-3c444a1b26eb,2,e18f33a6-b89a-4fbc-82ad-ccba5bb261cc
721,273c575f-a41c-428f-80b0-a97985793b00,4,64d39754-03e4-4fa0-b1ea-5f4293315f67
722,56d043f8-afaf-4a6e-a4d3-8fbd01d8858b,2,d3e228db-8ca5-42ad-bb0a-2148e876cc59
723,89e6f87a-1347-4670-9cb6-8873c4ae0bca,3,05df0866-1a66-41d8-9ed7-e2bbcddd6a3d
724,56d043f8-afaf-4a6e-a4d3-8fbd01d8858b,3,843b6553-dc6a-4fc4-bceb-02cd39af0168
725,eb27dbeb-ffe0-439c-a9cd-f32c221330d9,2,6f3a3072-a24d-4d11-9cef-25b0b5f8a4af
726,fd47d88b-69d6-403b-bf53-b108819098f0,2,35550082-a52d-4301-8f06-05b30f6f3616
727,9eb8e518-6851-453b-98b9-cd5c38f4f80f,4,e5ee99b6-519f-4218-8b41-62f48f59f700
728,e36cd6af-75e4-4182-8ce4-e3a5323bbf2b,2,e706ab70-b396-4d30-a6b2-a1ccf3625b52
729,da8cbe31-46f8-4b5c-806a-11ba9c40df9a,3,5b50b820-1d0a-4231-9422-75e7f6b0cecf
730,ba6390f1-e352-4fd5-9f1e-b350214c4124,4,843b6553-dc6a-4fc4-bceb-02cd39af0168
731,859841a2-a2fa-4d7b-a749-8cd37b31b1ed,3,c17e63f7-0d28-4a95-8248-b01ea354840e
732,b0d93ef1-d63c-4f47-b3d6-8c20ff25e4e2,4,579f4cd0-1f45-49d2-af55-9ab2b72c3b35
733,d6ae6182-1c85-4b8e-a7a0-d150b08cab27,2,4cda01b9-62e2-46c5-830f-b7f262a58fb1
734,f5df9a3a-9a21-4648-a03f-bdaf633969e4,4,4cda01b9-62e2-46c5-830f-b7f262a58fb1
735,bff70480-5298-4218-8cac-4f825b082bf5,1,80eda933-749d-4fc6-91d5-613d29eb126f
736,885ebd5d-6a82-4802-a241-2e52e223df5a,1,b66a7143-c18a-43bb-b5dc-06bb5d1d3160
737,b7e548f6-8f59-4552-8577-e0b895c858b4,1,5ceddd13-cf00-481f-9285-8340ab95d06d
738,c0873253-7827-4831-aa92-19c38372e58d,2,05df0866-1a66-41d8-9ed7-e2bbcddd6a3d
739,3944bd76-a630-4f50-9f41-b4e985b520ca,3,c17e63f7-0d28-4a95-8248-b01ea354840e
740,10408b83-26cc-4eb8-bd08-38435207099e,3,a88a23ef-679c-4743-b151-dc7722040d8c
741,fd47d88b-69d6-403b-bf53-b108819098f0,1,e5ee99b6-519f-4218-8b41-62f48f59f700
742,03b5ede7-4f3e-4d17-a326-be5e27338501,2,05df0866-1a66-41d8-9ed7-e2bbcddd6a3d
743,d01dd09a-42bf-4987-af15-960fda67b02a,1,e5ee99b6-519f-4218-8b41-62f48f59f700
744,bd1b29ee-5f35-4a9f-94a5-9faaae412e12,3,d3e228db-8ca5-42ad-bb0a-2148e876cc59
745,67ae065f-0e88-4dcd-bf78-95f5f4613c69,2,5b50b820-1d0a-4231-9422-75e7f6b0cecf
746,3af487e1-401f-4269-a6a8-afd4d88c780c,3,35550082-a52d-4301-8f06-05b30f6f3616
747,fae3a36e-1707-441b-8ff8-7b6afeb278f6,2,e8b6528e-a830-4d03-a027-473b411c7f02
748,7148959b-5081-4702-83c5-d262cc357eae,2,be49171b-9f72-4fc9-bf7a-9a52e259836b
749,08cbcbdc-781b-434d-a70b-4955117596a1,3,c7050c3b-a898-424d-8d98-ab0aaad7bef4
750,96a0cf17-5d93-4476-b836-ec6c8c7a9b21,2,bb19d194-e1bd-4358-819e-cd1f1b401c0c
751,ac999da3-2fbb-40e8-94cc-30d61d765b07,1,e5ee99b6-519f-4218-8b41-62f48f59f700
752,484655dc-c294-4f4a-9ac4-de88a2e440e3,2,579f4cd0-1f45-49d2-af55-9ab2b72c3b35
753,2db8d59b-1470-4cd3-8be6-c96a82480240,3,05df0866-1a66-41d8-9ed7-e2bbcddd6a3d
754,8f024856-4bf8-4117-81ac-d61f62c91158,2,4cda01b9-62e2-46c5-830f-b7f262a58fb1
755,d99f88df-891d-4dc9-8750-aa77271a72d4,1,bb19d194-e1bd-4358-819e-cd1f1b401c0c
756,4c0ffd68-11fc-4dcd-b979-c910412a16bf,3,37e0062f-bd15-4c3e-b272-558a86d90598
757,87a0f788-bba9-40b9-8c39-7df9d4dece24,2,843b6553-dc6a-4fc4-bceb-02cd39af0168
758,b08fa5c7-cb20-415f-ad6d-e0dfd1a23c65,3,b86ae24b-6f59-47e8-8adc-b17d88cbd367
759,9dfcd309-494d-49bb-8e85-ad176efff081,3,615695d3-8ffd-4850-bcf7-944cf6d3685b
760,4aca1a9f-2fdc-49ce-8055-f178ffaff195,4,e18f33a6-b89a-4fbc-82ad-ccba5bb261cc
761,db7957ce-8b32-41bb-868f-c8e9cce8f1a3,3,843b6553-dc6a-4fc4-bceb-02cd39af0168
762,0e9b8ee9-ad0a-42f4-a778-e1dd3e6f6c51,3,64d39754-03e4-4fa0-b1ea-5f4293315f67
763,3332bd19-5807-4a5f-8894-8f1fee628adf,4,e706ab70-b396-4d30-a6b2-a1ccf3625b52
764,e24985f3-2fb3-456e-a1aa-aaf88f490d70,4,55c6a062-5f4a-4a8b-a8e5-05ea5e6715a3
765,b0d93ef1-d63c-4f47-b3d6-8c20ff25e4e2,4,689fb64e-a4a2-45c5-b9f2-480c2155624d
766,7db78274-d998-408b-9c97-83f22373c9ea,2,74aeb414-e3dd-4e8a-beef-0fa45225214d
767,2434b44d-0df9-4d54-99ad-e259cbf9efa6,4,e706ab70-b396-4d30-a6b2-a1ccf3625b52
768,3e28eae3-bfb3-4f56-aeea-5a8d8fd399d2,1,c7050c3b-a898-424d-8d98-ab0aaad7bef4
769,b3773cdd-b925-4eda-906c-57fa5d0e5a55,4,689fb64e-a4a2-45c5-b9f2-480c2155624d
770,098a1247-5524-4d73-8523-551582ba39f1,3,b66a7143-c18a-43bb-b5dc-06bb5d1d3160
771,4187e4d5-0629-4725-8ff5-1e88bf584dc2,2,fb0e8be7-5ac4-4a76-a1fa-2cc4bf0b2d80
772,3fb5a1fd-bf02-4ca0-bb26-4ff4c4a4af74,4,e706ab70-b396-4d30-a6b2-a1ccf3625b52
773,d99dab56-7aa3-4eca-869c-946bca5e6811,1,74aeb414-e3dd-4e8a-beef-0fa45225214d
774,eb047506-bf59-4d29-b134-6a9d80235f3f,3,b86ae24b-6f59-47e8-8adc-b17d88cbd367
775,19f1c3c5-3840-4d33-8d88-30fad93fa25e,1,58b575f2-2192-4a53-9d21-df9a0c14fc25
776,e3965ae6-8792-422f-bae0-ecbce4da50aa,3,74aeb414-e3dd-4e8a-beef-0fa45225214d
777,ec11cc26-50d8-47bd-8ed0-20587214ba7d,1,58b575f2-2192-4a53-9d21-df9a0c14fc25
778,97c51e08-8026-44cb-af4b-15f8011e4931,4,689fb64e-a4a2-45c5-b9f2-480c2155624d
779,6f89159f-8046-4bae-a680-34ca13c9d4fa,3,d3e228db-8ca5-42ad-bb0a-2148e876cc59
780,4f4b3ac9-1308-4115-b7d7-abe956e17565,2,c7050c3b-a898-424d-8d98-ab0aaad7bef4
781,fca7f7c7-e7cb-4207-b3c3-dcca5f4b633b,2,74aeb414-e3dd-4e8a-beef-0fa45225214d
782,23a3e7b2-abb0-4642-9291-4af619ae2d3c,2,c7050c3b-a898-424d-8d98-ab0aaad7bef4
783,d0cc9fd6-0ce6-42a4-a77e-fabb1b0962da,4,5ceddd13-cf00-481f-9285-8340ab95d06d
784,32bd64c8-5e08-472f-b41e-f8af1d345763,3,74aeb414-e3dd-4e8a-beef-0fa45225214d
785,333db7e3-aba5-4988-b61f-ced40037b5c8,3,4cda01b9-62e2-46c5-830f-b7f262a58fb1
786,69804412-006d-40a8-909a-d68710725db6,1,37e0062f-bd15-4c3e-b272-558a86d90598
787,a2c0226b-46d1-4100-9eff-f9d5b3255850,1,843b6553-dc6a-4fc4-bceb-02cd39af0168
788,8329a65b-7ddf-4250-aeee-bd625f8a401a,3,579f4cd0-1f45-49d2-af55-9ab2b72c3b35
789,fd47d88b-69d6-403b-bf53-b108819098f0,2,80eda933-749d-4fc6-91d5-613d29eb126f
790,2795df92-ee7d-4992-bab2-15dbb2b2ab36,2,74aeb414-e3dd-4e8a-beef-0fa45225214d
791,fc78eeaa-1ffc-480d-910d-02b487109fa8,1,e8b6528e-a830-4d03-a027-473b411c7f02
792,951d80a3-2947-4ec2-a5a4-c633662d25e9,1,be49171b-9f72-4fc9-bf7a-9a52e259836b
793,538284dd-13b3-44b9-94a6-28aeb4f04475,3,e2e78dfc-f25c-4fec-a002-8e280d61a2f2
794,3f0de386-c2df-4cfe-98c1-bd986fdbd4c2,1,e2e78dfc-f25c-4fec-a002-8e280d61a2f2
795,9f640f78-93eb-46d3-b4c8-41ef69b03d8b,1,615695d3-8ffd-4850-bcf7-944cf6d3685b
796,10408b83-26cc-4eb8-bd08-38435207099e,4,bb19d194-e1bd-4358-819e-cd1f1b401c0c
797,299145f7-2b7f-484d-9dde-cc20602ed5f5,1,bb19d194-e1bd-4358-819e-cd1f1b401c0c
798,c23de9da-73a2-437f-a2c2-bd257bc692c3,1,80eda933-749d-4fc6-91d5-613d29eb126f
799,3895ef3d-4e4f-4793-ba7f-66743b7a7d39,2,b66a7143-c18a-43bb-b5dc-06bb5d1d3160
800,cad92df1-0b1a-4827-a1fc-f20cece591dd,3,e18f33a6-b89a-4fbc-82ad-ccba5bb261cc
801,967f96c9-adcf-4304-9295-73a9766fe51f,1,05df0866-1a66-41d8-9ed7-e2bbcddd6a3d
802,1eb77dda-3387-4242-ba28-0b371ea785cf,2,c17e63f7-0d28-4a95-8248-b01ea354840e
803,fa41614e-38dc-4cfb-ade8-4ffb9d1fed72,3,615695d3-8ffd-4850-bcf7-944cf6d3685b
804,35b4cbc7-b92f-400f-b292-8494dbb23567,3,579f4cd0-1f45-49d2-af55-9ab2b72c3b35
805,f1236409-b5f6-4e40-961c-797b850e225b,1,843b6553-dc6a-4fc4-bceb-02cd39af0168
806,81617893-be66-4c1e-b73e-a71ece089732,3,b86ae24b-6f59-47e8-8adc-b17d88cbd367
807,e9891ca7-3306-4f75-93fd-c04b976f9641,4,be49171b-9f72-4fc9-bf7a-9a52e259836b
808,273c575f-a41c-428f-80b0-a97985793b00,4,d3e228db-8ca5-42ad-bb0a-2148e876cc59
809,7db78274-d998-408b-9c97-83f22373c9ea,3,58b575f2-2192-4a53-9d21-df9a0c14fc25
810,6be78159-b492-4440-8bcb-950297636c0f,4,e2e78dfc-f25c-4fec-a002-8e280d61a2f2
811,db90b250-70b2-44d1-b20c-4d795edd020c,4,fb0e8be7-5ac4-4a76-a1fa-2cc4bf0b2d80
812,fca7f7c7-e7cb-4207-b3c3-dcca5f4b633b,4,c17e63f7-0d28-4a95-8248-b01ea354840e
813,05202733-0e17-4726-97c2-0520c024ab85,4,6f3a3072-a24d-4d11-9cef-25b0b5f8a4af
814,867b34a7-c143-45ec-81db-705506a9578b,2,74aeb414-e3dd-4e8a-beef-0fa45225214d
815,f0f5f852-5c81-4f33-a415-15b660486918,3,a88a23ef-679c-4743-b151-dc7722040d8c
816,da8cbe31-46f8-4b5c-806a-11ba9c40df9a,4,a88a23ef-679c-4743-b151-dc7722040d8c
817,f5df9a3a-9a21-4648-a03f-bdaf633969e4,3,c7050c3b-a898-424d-8d98-ab0aaad7bef4
818,19c066e5-c505-4814-8e68-ac6ab2971a67,4,6f3a3072-a24d-4d11-9cef-25b0b5f8a4af
819,e03c0b27-dcb0-4b48-a36e-1c5f013d11d9,2,37e0062f-bd15-4c3e-b272-558a86d90598
820,906ac891-d7a7-4d50-b4c6-c982fae2fc2d,3,c7050c3b-a898-424d-8d98-ab0aaad7bef4
821,6056966f-4515-4b6c-b1a6-7f55ca774b78,3,55c6a062-5f4a-4a8b-a8e5-05ea5e6715a3
822,b2b891d1-56c5-4876-a24f-a7961b3e1b3b,4,b66a7143-c18a-43bb-b5dc-06bb5d1d3160
823,2973c405-100e-4ece-af7f-077783132b3c,2,e8b6528e-a830-4d03-a027-473b411c7f02
824,cb9cd4d2-3bce-4173-8303-62e581e91ac7,2,5ceddd13-cf00-481f-9285-8340ab95d06d
825,778f8864-d993-4118-b7d6-1ea836ec6791,4,615695d3-8ffd-4850-bcf7-944cf6d3685b
826,2a4ce69d-8db6-48d7-b48f-719d09b0b91f,3,c7050c3b-a898-424d-8d98-ab0aaad7bef4
827,0b0d8f13-ca94-4686-b3d3-68ae3aa4bad3,2,b86ae24b-6f59-47e8-8adc-b17d88cbd367
828,915a50e8-2ca3-434b-aacb-7d633ba1bef1,3,fb0e8be7-5ac4-4a76-a1fa-2cc4bf0b2d80
829,f61a095b-7537-4869-aeff-1433277fa898,1,35550082-a52d-4301-8f06-05b30f6f3616
830,92d3887f-6f9e-4e3f-85a8-3da52d46cd45,1,e706ab70-b396-4d30-a6b2-a1ccf3625b52
831,2ebd594f-3b44-4b66-87f0-5b2c321086d1,3,b66a7143-c18a-43bb-b5dc-06bb5d1d3160
832,a11ec73d-efcb-4918-be37-fa6f812d22de,3,c17e63f7-0d28-4a95-8248-b01ea354840e
833,bc247c35-1e4f-453a-af60-f14218a219b5,2,37e0062f-bd15-4c3e-b272-558a86d90598
834,adbf3aa7-d301-46ea-873a-d8bc0d84d285,1,5ceddd13-cf00-481f-9285-8340ab95d06d
835,0e9b8ee9-ad0a-42f4-a778-e1dd3e6f6c51,1,c17e63f7-0d28-4a95-8248-b01ea354840e
836,1e5fa971-3c0e-4ae8-b5bb-63d6176b82b2,2,58b575f2-2192-4a53-9d21-df9a0c14fc25
837,7f999c60-f004-4b75-8851-72498dfa47fc,2,e706ab70-b396-4d30-a6b2-a1ccf3625b52
838,bbb8264e-cb71-4967-8033-60d7a52ad2fc,1,b86ae24b-6f59-47e8-8adc-b17d88cbd367
839,f67806e3-1791-404d-a445-6467318f3a0d,3,fb0e8be7-5ac4-4a76-a1fa-2cc4bf0b2d80
840,15f26002-ee82-4855-a9d7-d55ff3f1a85b,4,bb19d194-e1bd-4358-819e-cd1f1b401c0c
841,2bfad5b6-b4ad-47e2-a316-8b7dc7fbc246,2,5b50b820-1d0a-4231-9422-75e7f6b0cecf
842,fe655286-6400-456f-ad0f-c61554d8988b,1,d3e228db-8ca5-42ad-bb0a-2148e876cc59
843,cfd3e3f3-2b77-4858-b3ed-683496b33cfa,3,d3e228db-8ca5-42ad-bb0a-2148e876cc59
844,7cbec68e-07c8-4476-86b4-90549db95454,1,fb0e8be7-5ac4-4a76-a1fa-2cc4bf0b2d80
845,608b352f-dc9d-4f97-bcd3-a6f0d9b567f4,4,be49171b-9f72-4fc9-bf7a-9a52e259836b
846,f7379c32-fa41-43e5-b979-26053b9a60a3,3,843b6553-dc6a-4fc4-bceb-02cd39af0168
847,d915aef6-3ddc-465a-a27d-e9a9f01eae18,2,c7050c3b-a898-424d-8d98-ab0aaad7bef4
848,682824be-efb5-4ff6-a61b-70342f7d7606,2,6f3a3072-a24d-4d11-9cef-25b0b5f8a4af
849,34d36019-85bf-4260-9b15-1ed4d4ae3ada,3,5ceddd13-cf00-481f-9285-8340ab95d06d
850,38c516e8-b23a-493a-8a5c-bf7b2b9ea995,3,74aeb414-e3dd-4e8a-beef-0fa45225214d
851,eddb6163-e96d-4f8f-98c6-76393a96dbbf,4,e2e78dfc-f25c-4fec-a002-8e280d61a2f2
852,da8cbe31-46f8-4b5c-806a-11ba9c40df9a,1,64d39754-03e4-4fa0-b1ea-5f4293315f67
853,f67806e3-1791-404d-a445-6467318f3a0d,2,5ceddd13-cf00-481f-9285-8340ab95d06d
854,4d1f5b81-0ccc-4204-a6c8-f78c74882ded,4,5ceddd13-cf00-481f-9285-8340ab95d06d
855,12c0a32d-2471-465f-9337-14b221af4fc3,2,e8b6528e-a830-4d03-a027-473b411c7f02
856,d01dd09a-42bf-4987-af15-960fda67b02a,2,e8b6528e-a830-4d03-a027-473b411c7f02
857,adfbf8f4-16df-4e8e-845c-1c1efa5f69d9,1,bb19d194-e1bd-4358-819e-cd1f1b401c0c
858,6056966f-4515-4b6c-b1a6-7f55ca774b78,4,c17e63f7-0d28-4a95-8248-b01ea354840e
859,373c221e-275c-41aa-a334-0b2d73171fa4,3,58b575f2-2192-4a53-9d21-df9a0c14fc25
860,e85b50e8-357e-45ff-8b8d-1890b9b7d0f0,4,35550082-a52d-4301-8f06-05b30f6f3616
861,4eae9c6e-4c96-430f-b103-21203c72064f,3,55c6a062-5f4a-4a8b-a8e5-05ea5e6715a3
